"codigo";"lapso";"cod_mat";"cod_comp"
"5000";"2014-1";"T2AB03";"3800"
"5000";"2014-1";"T2BB03";"3801"
"5000";"2014-1";"T2CB03";"3802"
"5000";"2014-1";"T2DB03";"3803"
"5000";"2014-1";"T2EB03";"3804"
"5000";"2014-1";"T2GB03";"3813"
"5216";"2014-1";"T2AB01";"3800"
"5216";"2014-1";"T2BB01";"3801"
"5216";"2014-1";"T2CB01";"3802"
"5216";"2014-1";"T2DB01";"3803"
"5216";"2014-1";"T2EB01";"3804"
"5216";"2014-1";"T2GB01";"3813"
"27831";"2014-1";"T3AB02";"3805"
"27831";"2014-1";"T3BB02";"3806"
"27831";"2014-1";"T3CB02";"3807"
"27831";"2014-1";"T3EB02";"3809"
"27831";"2014-1";"T3GB02";"3811"
"27831";"2014-1";"T3HB02";"3814"
"27831";"2014-1";"T3IB02";"3935"
"27831";"2014-1";"T3DB02";"3937"
"28651";"2014-1";"T2AB06";"3800"
"28651";"2014-1";"T2BB06";"3801"
"28651";"2014-1";"T2CB06";"3802"
"28651";"2014-1";"T2DB06";"3803"
"28651";"2014-1";"T2EB06";"3804"
"28651";"2014-1";"T2GB06";"3813"
"28802";"2014-1";"T3AB01";"3805"
"28802";"2014-1";"T3BB01";"3806"
"28802";"2014-1";"T3CB01";"3807"
"28802";"2014-1";"T3EB01";"3809"
"28802";"2014-1";"T3GB01";"3811"
"28802";"2014-1";"T3HB01";"3814"
"28802";"2014-1";"T3IB01";"3935"
"28802";"2014-1";"T3DB01";"3937"
"28921";"2014-1";"T2DB12";"3803"
"28921";"2014-1";"T2EB12";"3804"
"29175";"2014-1";"T3AB01";"3805"
"29175";"2014-1";"T3BB01";"3806"
"29175";"2014-1";"T3CB01";"3807"
"29175";"2014-1";"T3EB01";"3809"
"29175";"2014-1";"T3GB01";"3811"
"29175";"2014-1";"T3HB01";"3814"
"29175";"2014-1";"T3IB01";"3935"
"29175";"2014-1";"T3DB01";"3937"
"29183";"2014-1";"T2EB03";"3804"
"29199";"2014-1";"T2AB03";"3800"
"29199";"2014-1";"T2BB03";"3801"
"29199";"2014-1";"T2CB03";"3802"
"29199";"2014-1";"T2DB03";"3803"
"29199";"2014-1";"T2EB03";"3804"
"29199";"2014-1";"T2GB03";"3813"
"29212";"2014-1";"T2AB03";"3800"
"29212";"2014-1";"T2BB03";"3801"
"29212";"2014-1";"T2CB03";"3802"
"29212";"2014-1";"T2DB03";"3803"
"29212";"2014-1";"T2EB03";"3804"
"29619";"2014-1";"T3CB11";"3807"
"29619";"2014-1";"T3EB11";"3809"
"29619";"2014-1";"T3HB11";"3814"
"29619";"2014-1";"T3IB11";"3935"
"29619";"2014-1";"T3DB11";"3937"
"29757";"2014-1";"T2AB06";"3800"
"29757";"2014-1";"T2BB06";"3801"
"29757";"2014-1";"T2CB06";"3802"
"29757";"2014-1";"T2DB06";"3803"
"29757";"2014-1";"T2EB06";"3804"
"29757";"2014-1";"T2GB06";"3813"
"30122";"2014-1";"T2AB11";"3800"
"30122";"2014-1";"T2BB11";"3801"
"30122";"2014-1";"T2CB11";"3802"
"30122";"2014-1";"T2DB11";"3803"
"30122";"2014-1";"T2EB11";"3804"
"30122";"2014-1";"T2FB11";"3812"
"30122";"2014-1";"T2GB11";"3813"
"30178";"2014-1";"T3CB11";"3807"
"30178";"2014-1";"T3EB11";"3809"
"30178";"2014-1";"T3HB11";"3814"
"30178";"2014-1";"T3IB11";"3935"
"30178";"2014-1";"T3DB11";"3937"
"30183";"2014-1";"T3CB11";"3807"
"30183";"2014-1";"T3EB11";"3809"
"30183";"2014-1";"T3HB11";"3814"
"30183";"2014-1";"T3IB11";"3935"
"30183";"2014-1";"T3DB11";"3937"
"30343";"2014-1";"T2AB12";"3800"
"30343";"2014-1";"T2BB12";"3801"
"30343";"2014-1";"T2CB12";"3802"
"30343";"2014-1";"T2DB12";"3803"
"30343";"2014-1";"T2EB12";"3804"
"30343";"2014-1";"T2FB12";"3812"
"30343";"2014-1";"T2GB12";"3813"
"30348";"2014-1";"T3CB11";"3807"
"30348";"2014-1";"T3EB11";"3809"
"30348";"2014-1";"T3HB11";"3814"
"30348";"2014-1";"T3IB11";"3935"
"30348";"2014-1";"T3DB11";"3937"
"30407";"2014-1";"T2AB03";"3800"
"30407";"2014-1";"T2BB03";"3801"
"30407";"2014-1";"T2CB03";"3802"
"30407";"2014-1";"T2DB03";"3803"
"30407";"2014-1";"T2EB03";"3804"
"30407";"2014-1";"T2GB03";"3813"
"30410";"2014-1";"T3CB11";"3807"
"30410";"2014-1";"T3EB11";"3809"
"30410";"2014-1";"T3HB11";"3814"
"30410";"2014-1";"T3IB11";"3935"
"30410";"2014-1";"T3DB11";"3937"
"30494";"2014-1";"T2AB13";"3800"
"30494";"2014-1";"T2BB13";"3801"
"30494";"2014-1";"T2CB13";"3802"
"30494";"2014-1";"T2DB13";"3803"
"30494";"2014-1";"T2EB13";"3804"
"30494";"2014-1";"T2FB13";"3812"
"30494";"2014-1";"T2GB13";"3813"
"30554";"2014-1";"T3AB02";"3805"
"30554";"2014-1";"T3BB02";"3806"
"30554";"2014-1";"T3CB02";"3807"
"30554";"2014-1";"T3EB02";"3809"
"30554";"2014-1";"T3GB02";"3811"
"30554";"2014-1";"T3HB02";"3814"
"30554";"2014-1";"T3IB02";"3935"
"30554";"2014-1";"T3DB02";"3937"
"30613";"2014-1";"T2AB05";"3800"
"30613";"2014-1";"T2DB20";"3803"
"30613";"2014-1";"T3AB01";"3805"
"30613";"2014-1";"T3BB01";"3806"
"30613";"2014-1";"T3CB01";"3807"
"30613";"2014-1";"T3EB01";"3809"
"30613";"2014-1";"T3GB01";"3811"
"30613";"2014-1";"T3HB01";"3814"
"30613";"2014-1";"T3IB01";"3935"
"30613";"2014-1";"T3DB01";"3937"
"30679";"2014-1";"T3CB11";"3807"
"30679";"2014-1";"T3EB11";"3809"
"30679";"2014-1";"T3HB11";"3814"
"30679";"2014-1";"T3IB11";"3935"
"30679";"2014-1";"T3DB11";"3937"
"30689";"2014-1";"T3CB11";"3807"
"30689";"2014-1";"T3EB11";"3809"
"30689";"2014-1";"T3GB01";"3811"
"30689";"2014-1";"T3HB11";"3814"
"30689";"2014-1";"T3IB11";"3935"
"30689";"2014-1";"T3DB11";"3937"
"30695";"2014-1";"T3CB11";"3807"
"30695";"2014-1";"T3EB11";"3809"
"30695";"2014-1";"T3HB11";"3814"
"30695";"2014-1";"T3IB11";"3935"
"30695";"2014-1";"T3DB11";"3937"
"30711";"2014-1";"T3CB11";"3807"
"30711";"2014-1";"T3EB11";"3809"
"30711";"2014-1";"T3HB11";"3814"
"30711";"2014-1";"T3IB11";"3935"
"30711";"2014-1";"T3DB11";"3937"
"30729";"2014-1";"T2DB20";"3803"
"30729";"2014-1";"T3AB01";"3805"
"30729";"2014-1";"T3BB01";"3806"
"30729";"2014-1";"T3CB01";"3807"
"30729";"2014-1";"T3EB01";"3809"
"30729";"2014-1";"T3GB01";"3811"
"30729";"2014-1";"T3HB01";"3814"
"30729";"2014-1";"T3IB01";"3935"
"30729";"2014-1";"T3DB01";"3937"
"30740";"2014-1";"T3CB11";"3807"
"30740";"2014-1";"T3EB11";"3809"
"30740";"2014-1";"T3HB11";"3814"
"30740";"2014-1";"T3IB11";"3935"
"30740";"2014-1";"T3DB11";"3937"
"30742";"2014-1";"T2EB03";"3804"
"30747";"2014-1";"T2EB01";"3804"
"30767";"2014-1";"T3CB11";"3807"
"30767";"2014-1";"T3EB11";"3809"
"30767";"2014-1";"T3GB01";"3811"
"30767";"2014-1";"T3HB11";"3814"
"30767";"2014-1";"T3IB11";"3935"
"30767";"2014-1";"T3DB11";"3937"
"30794";"2014-1";"T2AB01";"3800"
"30794";"2014-1";"T2BB01";"3801"
"30794";"2014-1";"T2CB01";"3802"
"30794";"2014-1";"T2DB01";"3803"
"30794";"2014-1";"T2EB01";"3804"
"30794";"2014-1";"T2GB01";"3813"
"30838";"2014-1";"T3CB11";"3807"
"30838";"2014-1";"T3EB11";"3809"
"30838";"2014-1";"T3HB11";"3814"
"30838";"2014-1";"T3IB11";"3935"
"30838";"2014-1";"T3DB11";"3937"
"31353";"2014-1";"T2AB01";"3800"
"31353";"2014-1";"T2BB01";"3801"
"31353";"2014-1";"T2CB01";"3802"
"31353";"2014-1";"T2DB01";"3803"
"31353";"2014-1";"T2EB01";"3804"
"31353";"2014-1";"T2GB01";"3813"
"31382";"2014-1";"T2AB01";"3800"
"31382";"2014-1";"T2BB01";"3801"
"31382";"2014-1";"T2CB01";"3802"
"31382";"2014-1";"T2DB01";"3803"
"31382";"2014-1";"T2EB01";"3804"
"31382";"2014-1";"T2GB01";"3813"
"31392";"2014-1";"T2AB05";"3800"
"31392";"2014-1";"T2BB05";"3801"
"31392";"2014-1";"T2CB05";"3802"
"31392";"2014-1";"T2DB05";"3803"
"31392";"2014-1";"T2EB05";"3804"
"31392";"2014-1";"T2GB05";"3813"
"31411";"2014-1";"T3AB01";"3805"
"31411";"2014-1";"T3BB01";"3806"
"31411";"2014-1";"T3CB01";"3807"
"31411";"2014-1";"T3EB01";"3809"
"31411";"2014-1";"T3GB01";"3811"
"31411";"2014-1";"T3HB01";"3814"
"31411";"2014-1";"T3IB01";"3935"
"31411";"2014-1";"T3DB01";"3937"
"31440";"2014-1";"T3AB01";"3805"
"31440";"2014-1";"T3BB01";"3806"
"31440";"2014-1";"T3CB11";"3807"
"31440";"2014-1";"T3EB11";"3809"
"31440";"2014-1";"T3GB01";"3811"
"31440";"2014-1";"T3HB11";"3814"
"31440";"2014-1";"T3IB11";"3935"
"31440";"2014-1";"T3DB11";"3937"
"31446";"2014-1";"T2AB11";"3800"
"31446";"2014-1";"T2BB11";"3801"
"31446";"2014-1";"T2CB11";"3802"
"31446";"2014-1";"T2DB11";"3803"
"31446";"2014-1";"T2EB11";"3804"
"31446";"2014-1";"T2FB11";"3812"
"31446";"2014-1";"T2GB11";"3813"
"31463";"2014-1";"T3AB01";"3805"
"31463";"2014-1";"T3BB01";"3806"
"31463";"2014-1";"T3CB01";"3807"
"31463";"2014-1";"T3EB01";"3809"
"31463";"2014-1";"T3GB01";"3811"
"31463";"2014-1";"T3HB01";"3814"
"31463";"2014-1";"T3IB01";"3935"
"31463";"2014-1";"T3DB01";"3937"
"31466";"2014-1";"T2AB12";"3800"
"31466";"2014-1";"T2BB12";"3801"
"31466";"2014-1";"T2CB12";"3802"
"31466";"2014-1";"T2DB12";"3803"
"31466";"2014-1";"T2EB12";"3804"
"31466";"2014-1";"T2FB12";"3812"
"31466";"2014-1";"T2GB12";"3813"
"31487";"2014-1";"T3AB01";"3805"
"31487";"2014-1";"T3BB01";"3806"
"31487";"2014-1";"T3CB01";"3807"
"31487";"2014-1";"T3EB01";"3809"
"31487";"2014-1";"T3GB01";"3811"
"31487";"2014-1";"T3HB01";"3814"
"31487";"2014-1";"T3IB01";"3935"
"31487";"2014-1";"T3DB01";"3937"
"31502";"2014-1";"T3AB02";"3805"
"31502";"2014-1";"T3BB02";"3806"
"31502";"2014-1";"T3CB02";"3807"
"31502";"2014-1";"T3EB02";"3809"
"31502";"2014-1";"T3GB02";"3811"
"31502";"2014-1";"T3HB02";"3814"
"31502";"2014-1";"T3IB02";"3935"
"31502";"2014-1";"T3DB02";"3937"
"31508";"2014-1";"T3AB01";"3805"
"31508";"2014-1";"T3BB01";"3806"
"31508";"2014-1";"T3CB01";"3807"
"31508";"2014-1";"T3EB01";"3809"
"31508";"2014-1";"T3GB01";"3811"
"31508";"2014-1";"T3HB01";"3814"
"31508";"2014-1";"T3IB01";"3935"
"31508";"2014-1";"T3DB01";"3937"
"31522";"2014-1";"T2AB12";"3800"
"31522";"2014-1";"T3AB01";"3805"
"31522";"2014-1";"T3BB01";"3806"
"31522";"2014-1";"T3CB01";"3807"
"31522";"2014-1";"T3EB01";"3809"
"31522";"2014-1";"T3GB01";"3811"
"31522";"2014-1";"T3HB01";"3814"
"31522";"2014-1";"T3IB01";"3935"
"31522";"2014-1";"T3DB01";"3937"
"31524";"2014-1";"T3AB01";"3805"
"31524";"2014-1";"T3BB01";"3806"
"31524";"2014-1";"T3CB01";"3807"
"31524";"2014-1";"T3EB01";"3809"
"31524";"2014-1";"T3GB01";"3811"
"31524";"2014-1";"T3HB01";"3814"
"31524";"2014-1";"T3IB01";"3935"
"31524";"2014-1";"T3DB01";"3937"
"31527";"2014-1";"T2AB12";"3800"
"31527";"2014-1";"T2DB20";"3803"
"31527";"2014-1";"T3AB01";"3805"
"31527";"2014-1";"T3BB01";"3806"
"31527";"2014-1";"T3CB01";"3807"
"31527";"2014-1";"T3EB01";"3809"
"31527";"2014-1";"T3GB01";"3811"
"31527";"2014-1";"T3HB01";"3814"
"31527";"2014-1";"T3IB01";"3935"
"31527";"2014-1";"T3DB01";"3937"
"31531";"2014-1";"T3AB01";"3805"
"31531";"2014-1";"T3BB01";"3806"
"31531";"2014-1";"T3CB01";"3807"
"31531";"2014-1";"T3EB01";"3809"
"31531";"2014-1";"T3GB01";"3811"
"31531";"2014-1";"T3HB01";"3814"
"31531";"2014-1";"T3IB01";"3935"
"31531";"2014-1";"T3DB01";"3937"
"31545";"2014-1";"T2AB16";"3800"
"31545";"2014-1";"T2BB16";"3801"
"31545";"2014-1";"T2DB16";"3803"
"31545";"2014-1";"T2GB16";"3813"
"31553";"2014-1";"T2DB20";"3803"
"31553";"2014-1";"T3AB01";"3805"
"31553";"2014-1";"T3BB01";"3806"
"31553";"2014-1";"T3CB01";"3807"
"31553";"2014-1";"T3EB01";"3809"
"31553";"2014-1";"T3GB01";"3811"
"31553";"2014-1";"T3HB01";"3814"
"31553";"2014-1";"T3IB01";"3935"
"31553";"2014-1";"T3DB01";"3937"
"31561";"2014-1";"T3AB02";"3805"
"31561";"2014-1";"T3BB02";"3806"
"31561";"2014-1";"T3CB02";"3807"
"31561";"2014-1";"T3EB02";"3809"
"31561";"2014-1";"T3GB02";"3811"
"31561";"2014-1";"T3HB02";"3814"
"31561";"2014-1";"T3IB02";"3935"
"31561";"2014-1";"T3DB02";"3937"
"31577";"2014-1";"T2AB16";"3800"
"31577";"2014-1";"T2BB16";"3801"
"31577";"2014-1";"T2DB20";"3803"
"31577";"2014-1";"T2GB16";"3813"
"31579";"2014-1";"T3AB01";"3805"
"31579";"2014-1";"T3BB01";"3806"
"31579";"2014-1";"T3CB01";"3807"
"31579";"2014-1";"T3EB01";"3809"
"31579";"2014-1";"T3GB01";"3811"
"31579";"2014-1";"T3HB01";"3814"
"31579";"2014-1";"T3IB01";"3935"
"31579";"2014-1";"T3DB01";"3937"
"31594";"2014-1";"T3AB01";"3805"
"31594";"2014-1";"T3BB01";"3806"
"31594";"2014-1";"T3CB11";"3807"
"31594";"2014-1";"T3EB11";"3809"
"31594";"2014-1";"T3GB01";"3811"
"31594";"2014-1";"T3HB11";"3814"
"31594";"2014-1";"T3IB11";"3935"
"31594";"2014-1";"T3DB11";"3937"
"31612";"2014-1";"T3AB01";"3805"
"31612";"2014-1";"T3BB01";"3806"
"31612";"2014-1";"T3CB01";"3807"
"31612";"2014-1";"T3EB01";"3809"
"31612";"2014-1";"T3GB01";"3811"
"31612";"2014-1";"T3HB01";"3814"
"31612";"2014-1";"T3IB01";"3935"
"31612";"2014-1";"T3DB01";"3937"
"31618";"2014-1";"T2AB11";"3800"
"31618";"2014-1";"T2BB11";"3801"
"31618";"2014-1";"T2CB11";"3802"
"31618";"2014-1";"T2DB11";"3803"
"31618";"2014-1";"T2EB11";"3804"
"31618";"2014-1";"T2FB11";"3812"
"31618";"2014-1";"T2GB11";"3813"
"31622";"2014-1";"T2AB01";"3800"
"31622";"2014-1";"T2BB01";"3801"
"31622";"2014-1";"T2CB01";"3802"
"31622";"2014-1";"T2DB01";"3803"
"31622";"2014-1";"T2EB01";"3804"
"31622";"2014-1";"T2GB01";"3813"
"31624";"2014-1";"T2AB16";"3800"
"31624";"2014-1";"T2BB16";"3801"
"31624";"2014-1";"T2CB16";"3802"
"31624";"2014-1";"T2DB16";"3803"
"31624";"2014-1";"T2EB16";"3804"
"31624";"2014-1";"T2FB16";"3812"
"31624";"2014-1";"T2GB16";"3813"
"31634";"2014-1";"T2AB12";"3800"
"31634";"2014-1";"T2DB20";"3803"
"31634";"2014-1";"T3AB01";"3805"
"31634";"2014-1";"T3BB01";"3806"
"31634";"2014-1";"T3CB01";"3807"
"31634";"2014-1";"T3EB01";"3809"
"31634";"2014-1";"T3GB01";"3811"
"31634";"2014-1";"T3HB01";"3814"
"31634";"2014-1";"T3IB01";"3935"
"31634";"2014-1";"T3DB01";"3937"
"31649";"2014-1";"T2AB16";"3800"
"31649";"2014-1";"T2DB16";"3803"
"31649";"2014-1";"T2EB16";"3804"
"31653";"2014-1";"T3AB01";"3805"
"31653";"2014-1";"T3BB01";"3806"
"31653";"2014-1";"T3CB01";"3807"
"31653";"2014-1";"T3EB01";"3809"
"31653";"2014-1";"T3GB01";"3811"
"31653";"2014-1";"T3HB01";"3814"
"31653";"2014-1";"T3IB01";"3935"
"31653";"2014-1";"T3DB01";"3937"
"31675";"2014-1";"T2AB16";"3800"
"31675";"2014-1";"T2EB16";"3804"
"31675";"2014-1";"T2GB16";"3813"
"31697";"2014-1";"T2DB20";"3803"
"31697";"2014-1";"T3AB01";"3805"
"31697";"2014-1";"T3BB01";"3806"
"31697";"2014-1";"T3CB01";"3807"
"31697";"2014-1";"T3EB01";"3809"
"31697";"2014-1";"T3GB01";"3811"
"31697";"2014-1";"T2GB14";"3813"
"31697";"2014-1";"T3HB01";"3814"
"31697";"2014-1";"T3IB01";"3935"
"31697";"2014-1";"T3DB01";"3937"
"31756";"2014-1";"T2DB20";"3803"
"31756";"2014-1";"T3AB01";"3805"
"31756";"2014-1";"T3BB01";"3806"
"31756";"2014-1";"T3CB01";"3807"
"31756";"2014-1";"T3EB01";"3809"
"31756";"2014-1";"T3GB01";"3811"
"31756";"2014-1";"T3HB01";"3814"
"31756";"2014-1";"T3IB01";"3935"
"31756";"2014-1";"T3DB01";"3937"
"31766";"2014-1";"T2AB16";"3800"
"31766";"2014-1";"T2BB16";"3801"
"31766";"2014-1";"T2CB16";"3802"
"31766";"2014-1";"T2DB16";"3803"
"31766";"2014-1";"T2EB16";"3804"
"31766";"2014-1";"T2FB16";"3812"
"31766";"2014-1";"T2GB16";"3813"
"31782";"2014-1";"T3AB02";"3805"
"31782";"2014-1";"T3BB02";"3806"
"31782";"2014-1";"T3CB02";"3807"
"31782";"2014-1";"T3EB02";"3809"
"31782";"2014-1";"T3GB02";"3811"
"31782";"2014-1";"T3HB02";"3814"
"31782";"2014-1";"T3IB02";"3935"
"31782";"2014-1";"T3DB02";"3937"
"31792";"2014-1";"T3AB02";"3805"
"31792";"2014-1";"T3BB02";"3806"
"31792";"2014-1";"T3CB02";"3807"
"31792";"2014-1";"T3EB02";"3809"
"31792";"2014-1";"T3GB02";"3811"
"31792";"2014-1";"T3HB02";"3814"
"31792";"2014-1";"T3IB02";"3935"
"31792";"2014-1";"T3DB02";"3937"
"31815";"2014-1";"T3AB01";"3805"
"31815";"2014-1";"T3BB01";"3806"
"31815";"2014-1";"T3CB01";"3807"
"31815";"2014-1";"T3EB01";"3809"
"31815";"2014-1";"T3GB01";"3811"
"31815";"2014-1";"T3HB01";"3814"
"31815";"2014-1";"T3IB01";"3935"
"31815";"2014-1";"T3DB01";"3937"
"31818";"2014-1";"T3AB01";"3805"
"31818";"2014-1";"T3BB01";"3806"
"31818";"2014-1";"T3CB01";"3807"
"31818";"2014-1";"T3EB01";"3809"
"31818";"2014-1";"T3GB01";"3811"
"31818";"2014-1";"T3HB01";"3814"
"31818";"2014-1";"T3IB01";"3935"
"31818";"2014-1";"T3DB01";"3937"
"31820";"2014-1";"T2AB01";"3800"
"31820";"2014-1";"T2BB01";"3801"
"31820";"2014-1";"T2CB01";"3802"
"31820";"2014-1";"T2DB01";"3803"
"31820";"2014-1";"T2EB01";"3804"
"31820";"2014-1";"T2GB01";"3813"
"31869";"2014-1";"T2AB03";"3800"
"31869";"2014-1";"T2EB03";"3804"
"31869";"2014-1";"T2GB03";"3813"
"31888";"2014-1";"T2DB20";"3803"
"31888";"2014-1";"T3AB01";"3805"
"31888";"2014-1";"T3BB01";"3806"
"31888";"2014-1";"T3CB01";"3807"
"31888";"2014-1";"T3EB01";"3809"
"31888";"2014-1";"T3GB01";"3811"
"31888";"2014-1";"T3HB01";"3814"
"31888";"2014-1";"T3IB01";"3935"
"31888";"2014-1";"T3DB01";"3937"
"31926";"2014-1";"T2EB03";"3804"
"31978";"2014-1";"T2DB20";"3803"
"31978";"2014-1";"T3AB01";"3805"
"31978";"2014-1";"T3BB01";"3806"
"31978";"2014-1";"T3CB01";"3807"
"31978";"2014-1";"T3EB01";"3809"
"31978";"2014-1";"T3GB01";"3811"
"31978";"2014-1";"T3HB01";"3814"
"31978";"2014-1";"T3IB01";"3935"
"31978";"2014-1";"T3DB01";"3937"
"31983";"2014-1";"T3AB01";"3805"
"31983";"2014-1";"T3BB01";"3806"
"31983";"2014-1";"T3CB01";"3807"
"31983";"2014-1";"T3EB01";"3809"
"31983";"2014-1";"T3GB01";"3811"
"31983";"2014-1";"T3HB01";"3814"
"31983";"2014-1";"T3IB01";"3935"
"31983";"2014-1";"T3DB01";"3937"
"31986";"2014-1";"T3AB01";"3805"
"31986";"2014-1";"T3BB01";"3806"
"31986";"2014-1";"T3CB01";"3807"
"31986";"2014-1";"T3EB01";"3809"
"31986";"2014-1";"T3GB01";"3811"
"31986";"2014-1";"T3HB01";"3814"
"31986";"2014-1";"T3IB01";"3935"
"31986";"2014-1";"T3DB01";"3937"
"32044";"2014-1";"T3AB02";"3805"
"32044";"2014-1";"T3BB02";"3806"
"32044";"2014-1";"T3CB02";"3807"
"32044";"2014-1";"T3EB02";"3809"
"32044";"2014-1";"T3GB02";"3811"
"32044";"2014-1";"T3HB02";"3814"
"32044";"2014-1";"T3IB02";"3935"
"32044";"2014-1";"T3DB02";"3937"
"32074";"2014-1";"T3AB02";"3805"
"32074";"2014-1";"T3BB02";"3806"
"32074";"2014-1";"T3CB02";"3807"
"32074";"2014-1";"T3EB02";"3809"
"32074";"2014-1";"T3GB02";"3811"
"32074";"2014-1";"T3HB02";"3814"
"32074";"2014-1";"T3IB02";"3935"
"32074";"2014-1";"T3DB02";"3937"
"32099";"2014-1";"T3AB02";"3805"
"32099";"2014-1";"T3BB02";"3806"
"32099";"2014-1";"T3CB02";"3807"
"32099";"2014-1";"T3EB02";"3809"
"32099";"2014-1";"T3GB02";"3811"
"32099";"2014-1";"T3HB02";"3814"
"32099";"2014-1";"T3IB02";"3935"
"32099";"2014-1";"T3DB02";"3937"
"32106";"2014-1";"T3AB02";"3805"
"32106";"2014-1";"T3BB02";"3806"
"32106";"2014-1";"T3CB02";"3807"
"32106";"2014-1";"T3EB02";"3809"
"32106";"2014-1";"T3GB02";"3811"
"32106";"2014-1";"T3HB02";"3814"
"32106";"2014-1";"T3IB02";"3935"
"32106";"2014-1";"T3DB02";"3937"
"32119";"2014-1";"T3AB01";"3805"
"32119";"2014-1";"T3BB01";"3806"
"32119";"2014-1";"T3CB01";"3807"
"32119";"2014-1";"T3EB01";"3809"
"32119";"2014-1";"T3GB01";"3811"
"32119";"2014-1";"T3HB01";"3814"
"32119";"2014-1";"T3IB01";"3935"
"32119";"2014-1";"T3DB01";"3937"
"32133";"2014-1";"T2AB05";"3800"
"32133";"2014-1";"T2DB05";"3803"
"32133";"2014-1";"T3AB01";"3805"
"32133";"2014-1";"T3BB01";"3806"
"32133";"2014-1";"T3CB01";"3807"
"32133";"2014-1";"T3EB01";"3809"
"32133";"2014-1";"T3GB01";"3811"
"32133";"2014-1";"T3HB01";"3814"
"32133";"2014-1";"T3IB01";"3935"
"32155";"2014-1";"T3AB02";"3805"
"32155";"2014-1";"T3BB02";"3806"
"32155";"2014-1";"T3CB02";"3807"
"32155";"2014-1";"T3EB02";"3809"
"32155";"2014-1";"T3GB02";"3811"
"32155";"2014-1";"T3HB02";"3814"
"32155";"2014-1";"T3IB02";"3935"
"32155";"2014-1";"T3DB02";"3937"
"32172";"2014-1";"T2AB06";"3800"
"32172";"2014-1";"T2BB06";"3801"
"32172";"2014-1";"T2CB06";"3802"
"32172";"2014-1";"T2DB06";"3803"
"32172";"2014-1";"T2EB06";"3804"
"32172";"2014-1";"T2GB06";"3813"
"32181";"2014-1";"T2AB11";"3800"
"32181";"2014-1";"T2BB11";"3801"
"32181";"2014-1";"T2CB11";"3802"
"32181";"2014-1";"T2DB11";"3803"
"32181";"2014-1";"T2EB11";"3804"
"32181";"2014-1";"T2FB11";"3812"
"32181";"2014-1";"T2GB11";"3813"
"32195";"2014-1";"T2AB11";"3800"
"32195";"2014-1";"T2BB11";"3801"
"32195";"2014-1";"T2DB11";"3803"
"32195";"2014-1";"T2GB11";"3813"
"32211";"2014-1";"T3AB01";"3805"
"32211";"2014-1";"T3BB01";"3806"
"32211";"2014-1";"T3CB01";"3807"
"32211";"2014-1";"T3EB01";"3809"
"32211";"2014-1";"T3GB01";"3811"
"32211";"2014-1";"T3HB01";"3814"
"32211";"2014-1";"T3IB01";"3935"
"32211";"2014-1";"T3DB01";"3937"
"32252";"2014-1";"T3AB02";"3805"
"32252";"2014-1";"T3BB02";"3806"
"32252";"2014-1";"T3CB02";"3807"
"32252";"2014-1";"T3EB02";"3809"
"32252";"2014-1";"T3GB02";"3811"
"32252";"2014-1";"T3HB02";"3814"
"32252";"2014-1";"T3IB02";"3935"
"32252";"2014-1";"T3DB02";"3937"
"32263";"2014-1";"T2DB20";"3803"
"32263";"2014-1";"T3AB01";"3805"
"32263";"2014-1";"T3BB01";"3806"
"32263";"2014-1";"T3CB01";"3807"
"32263";"2014-1";"T3EB01";"3809"
"32263";"2014-1";"T3GB01";"3811"
"32263";"2014-1";"T3HB01";"3814"
"32263";"2014-1";"T3IB01";"3935"
"32263";"2014-1";"T3DB01";"3937"
"32320";"2014-1";"T3AB02";"3805"
"32320";"2014-1";"T3BB02";"3806"
"32320";"2014-1";"T3CB02";"3807"
"32320";"2014-1";"T3EB02";"3809"
"32320";"2014-1";"T3GB02";"3811"
"32320";"2014-1";"T3HB02";"3814"
"32320";"2014-1";"T3IB02";"3935"
"32320";"2014-1";"T3DB02";"3937"
"32329";"2014-1";"T3AB02";"3805"
"32329";"2014-1";"T3BB02";"3806"
"32329";"2014-1";"T3CB02";"3807"
"32329";"2014-1";"T3EB02";"3809"
"32329";"2014-1";"T3GB02";"3811"
"32329";"2014-1";"T3HB02";"3814"
"32329";"2014-1";"T3IB02";"3935"
"32329";"2014-1";"T3DB02";"3937"
"33280";"2014-1";"T2AB06";"3800"
"33280";"2014-1";"T2BB06";"3801"
"33280";"2014-1";"T2CB06";"3802"
"33280";"2014-1";"T2DB06";"3803"
"33280";"2014-1";"T2EB06";"3804"
"33280";"2014-1";"T2GB06";"3813"
"33570";"2014-1";"T2DB20";"3803"
"33570";"2014-1";"T3AB01";"3805"
"33570";"2014-1";"T3BB01";"3806"
"33570";"2014-1";"T3CB01";"3807"
"33570";"2014-1";"T3EB01";"3809"
"33570";"2014-1";"T3GB01";"3811"
"33570";"2014-1";"T2GB12";"3813"
"33570";"2014-1";"T3HB01";"3814"
"33570";"2014-1";"T3IB01";"3935"
"33570";"2014-1";"T3DB01";"3937"
"33587";"2014-1";"T3AB01";"3805"
"33587";"2014-1";"T3BB01";"3806"
"33587";"2014-1";"T3CB01";"3807"
"33587";"2014-1";"T3EB01";"3809"
"33587";"2014-1";"T3GB01";"3811"
"33587";"2014-1";"T3HB01";"3814"
"33587";"2014-1";"T3IB01";"3935"
"33587";"2014-1";"T3DB01";"3937"
"33661";"2014-1";"T3AB02";"3805"
"33661";"2014-1";"T3BB02";"3806"
"33661";"2014-1";"T3CB02";"3807"
"33661";"2014-1";"T3EB02";"3809"
"33661";"2014-1";"T3GB02";"3811"
"33661";"2014-1";"T3HB02";"3814"
"33661";"2014-1";"T3IB02";"3935"
"33661";"2014-1";"T3DB02";"3937"
"34915";"2014-1";"T2AB01";"3800"
"34915";"2014-1";"T2BB01";"3801"
"34915";"2014-1";"T2CB01";"3802"
"34915";"2014-1";"T2DB01";"3803"
"34915";"2014-1";"T2EB01";"3804"
"34915";"2014-1";"T2GB01";"3813"
"34916";"2014-1";"T2AB06";"3800"
"34916";"2014-1";"T2BB06";"3801"
"34916";"2014-1";"T2CB06";"3802"
"34916";"2014-1";"T2DB06";"3803"
"34916";"2014-1";"T2EB06";"3804"
"34916";"2014-1";"T2GB06";"3813"
"34921";"2014-1";"T2AB03";"3800"
"34921";"2014-1";"T2BB03";"3801"
"34921";"2014-1";"T2CB03";"3802"
"34921";"2014-1";"T2DB03";"3803"
"34921";"2014-1";"T2EB03";"3804"
"34921";"2014-1";"T2GB03";"3813"
"34926";"2014-1";"T2AB06";"3800"
"34926";"2014-1";"T2BB06";"3801"
"34926";"2014-1";"T2CB06";"3802"
"34926";"2014-1";"T2DB06";"3803"
"34926";"2014-1";"T2EB06";"3804"
"34926";"2014-1";"T2GB06";"3813"
"34935";"2014-1";"T2AB01";"3800"
"34935";"2014-1";"T2BB01";"3801"
"34935";"2014-1";"T2CB01";"3802"
"34935";"2014-1";"T2DB01";"3803"
"34935";"2014-1";"T2EB01";"3804"
"34935";"2014-1";"T2GB01";"3813"
"34941";"2014-1";"T2AB04";"3800"
"34941";"2014-1";"T2BB04";"3801"
"34941";"2014-1";"T2CB04";"3802"
"34941";"2014-1";"T2DB04";"3803"
"34941";"2014-1";"T2EB04";"3804"
"34941";"2014-1";"T2GB04";"3813"
"34943";"2014-1";"T2AB04";"3800"
"34943";"2014-1";"T2BB04";"3801"
"34943";"2014-1";"T2CB04";"3802"
"34943";"2014-1";"T2DB04";"3803"
"34943";"2014-1";"T2EB04";"3804"
"34943";"2014-1";"T2GB04";"3813"
"34968";"2014-1";"T2AB03";"3800"
"34968";"2014-1";"T2BB03";"3801"
"34968";"2014-1";"T2CB03";"3802"
"34968";"2014-1";"T2DB03";"3803"
"34968";"2014-1";"T2EB03";"3804"
"34968";"2014-1";"T2GB03";"3813"
"34979";"2014-1";"T2AB06";"3800"
"34979";"2014-1";"T2BB06";"3801"
"34979";"2014-1";"T2CB06";"3802"
"34979";"2014-1";"T2DB06";"3803"
"34979";"2014-1";"T2EB06";"3804"
"34979";"2014-1";"T2GB06";"3813"
"34999";"2014-1";"T2AB01";"3800"
"34999";"2014-1";"T2BB01";"3801"
"34999";"2014-1";"T2CB01";"3802"
"34999";"2014-1";"T2DB01";"3803"
"34999";"2014-1";"T2EB01";"3804"
"34999";"2014-1";"T2GB01";"3813"
"35019";"2014-1";"T2AB03";"3800"
"35019";"2014-1";"T2BB03";"3801"
"35019";"2014-1";"T2CB03";"3802"
"35019";"2014-1";"T2DB03";"3803"
"35019";"2014-1";"T2EB03";"3804"
"35019";"2014-1";"T2GB03";"3813"
"35041";"2014-1";"T2AB03";"3800"
"35041";"2014-1";"T2BB03";"3801"
"35041";"2014-1";"T2CB03";"3802"
"35041";"2014-1";"T2DB03";"3803"
"35041";"2014-1";"T2EB03";"3804"
"35041";"2014-1";"T2GB03";"3813"
"35046";"2014-1";"T2AB11";"3800"
"35046";"2014-1";"T2BB11";"3801"
"35046";"2014-1";"T2CB11";"3802"
"35046";"2014-1";"T2DB11";"3803"
"35046";"2014-1";"T2EB11";"3804"
"35046";"2014-1";"T2FB11";"3812"
"35046";"2014-1";"T2GB11";"3813"
"35056";"2014-1";"T2AB06";"3800"
"35056";"2014-1";"T2BB06";"3801"
"35056";"2014-1";"T2CB06";"3802"
"35056";"2014-1";"T2DB06";"3803"
"35056";"2014-1";"T2EB06";"3804"
"35056";"2014-1";"T2GB06";"3813"
"35081";"2014-1";"T2AB06";"3800"
"35081";"2014-1";"T2BB06";"3801"
"35081";"2014-1";"T2CB06";"3802"
"35081";"2014-1";"T2DB06";"3803"
"35081";"2014-1";"T2EB06";"3804"
"35081";"2014-1";"T2GB06";"3813"
"35089";"2014-1";"T2AB01";"3800"
"35089";"2014-1";"T2BB01";"3801"
"35089";"2014-1";"T2CB01";"3802"
"35089";"2014-1";"T2DB01";"3803"
"35089";"2014-1";"T2EB01";"3804"
"35089";"2014-1";"T2GB01";"3813"
"35104";"2014-1";"T2AB02";"3800"
"35104";"2014-1";"T2BB02";"3801"
"35104";"2014-1";"T2CB02";"3802"
"35104";"2014-1";"T2DB02";"3803"
"35104";"2014-1";"T2EB02";"3804"
"35104";"2014-1";"T2GB02";"3813"
"35113";"2014-1";"T2AB03";"3800"
"35113";"2014-1";"T2BB03";"3801"
"35113";"2014-1";"T2CB03";"3802"
"35113";"2014-1";"T2DB03";"3803"
"35113";"2014-1";"T2EB03";"3804"
"35113";"2014-1";"T2GB03";"3813"
"35127";"2014-1";"T2AB03";"3800"
"35127";"2014-1";"T2BB03";"3801"
"35127";"2014-1";"T2CB03";"3802"
"35127";"2014-1";"T2DB03";"3803"
"35127";"2014-1";"T2EB03";"3804"
"35127";"2014-1";"T2GB03";"3813"
"35133";"2014-1";"T2AB03";"3800"
"35133";"2014-1";"T2BB03";"3801"
"35133";"2014-1";"T2CB03";"3802"
"35133";"2014-1";"T2DB03";"3803"
"35133";"2014-1";"T2EB03";"3804"
"35133";"2014-1";"T2GB03";"3813"
"35183";"2014-1";"T2AB02";"3800"
"35183";"2014-1";"T2BB02";"3801"
"35183";"2014-1";"T2CB02";"3802"
"35183";"2014-1";"T2DB02";"3803"
"35183";"2014-1";"T2EB02";"3804"
"35183";"2014-1";"T2GB02";"3813"
"35186";"2014-1";"T2AB03";"3800"
"35186";"2014-1";"T2BB03";"3801"
"35186";"2014-1";"T2CB03";"3802"
"35186";"2014-1";"T2DB03";"3803"
"35186";"2014-1";"T2EB03";"3804"
"35186";"2014-1";"T2GB03";"3813"
"35195";"2014-1";"T2AB06";"3800"
"35195";"2014-1";"T2BB06";"3801"
"35195";"2014-1";"T2CB06";"3802"
"35195";"2014-1";"T2DB06";"3803"
"35195";"2014-1";"T2EB06";"3804"
"35195";"2014-1";"T2GB06";"3813"
"35199";"2014-1";"T2AB06";"3800"
"35199";"2014-1";"T2BB06";"3801"
"35199";"2014-1";"T2CB06";"3802"
"35199";"2014-1";"T2DB06";"3803"
"35199";"2014-1";"T2EB06";"3804"
"35199";"2014-1";"T2GB06";"3813"
"35213";"2014-1";"T2AB05";"3800"
"35213";"2014-1";"T2BB05";"3801"
"35213";"2014-1";"T2CB05";"3802"
"35213";"2014-1";"T2DB05";"3803"
"35213";"2014-1";"T2EB05";"3804"
"35213";"2014-1";"T2GB05";"3813"
"35220";"2014-1";"T2AB01";"3800"
"35220";"2014-1";"T2BB01";"3801"
"35220";"2014-1";"T2CB01";"3802"
"35220";"2014-1";"T2DB01";"3803"
"35220";"2014-1";"T2EB01";"3804"
"35220";"2014-1";"T2GB01";"3813"
"35221";"2014-1";"T2AB01";"3800"
"35221";"2014-1";"T2BB01";"3801"
"35221";"2014-1";"T2CB01";"3802"
"35221";"2014-1";"T2DB01";"3803"
"35221";"2014-1";"T2EB01";"3804"
"35221";"2014-1";"T2GB01";"3813"
"35225";"2014-1";"T2AB01";"3800"
"35225";"2014-1";"T2BB01";"3801"
"35225";"2014-1";"T2CB01";"3802"
"35225";"2014-1";"T2DB01";"3803"
"35225";"2014-1";"T2EB01";"3804"
"35225";"2014-1";"T2GB01";"3813"
"35226";"2014-1";"T2AB05";"3800"
"35226";"2014-1";"T2BB05";"3801"
"35226";"2014-1";"T2CB05";"3802"
"35226";"2014-1";"T2DB05";"3803"
"35226";"2014-1";"T2EB05";"3804"
"35226";"2014-1";"T2GB05";"3813"
"35227";"2014-1";"T2AB06";"3800"
"35227";"2014-1";"T2BB06";"3801"
"35227";"2014-1";"T2CB06";"3802"
"35227";"2014-1";"T2DB06";"3803"
"35227";"2014-1";"T2EB06";"3804"
"35227";"2014-1";"T2GB06";"3813"
"35228";"2014-1";"T2AB04";"3800"
"35228";"2014-1";"T2BB01";"3801"
"35228";"2014-1";"T2CB01";"3802"
"35228";"2014-1";"T2DB04";"3803"
"35228";"2014-1";"T2EB01";"3804"
"35228";"2014-1";"T2GB01";"3813"
"35230";"2014-1";"T2AB04";"3800"
"35230";"2014-1";"T2BB01";"3801"
"35230";"2014-1";"T2CB01";"3802"
"35230";"2014-1";"T2DB04";"3803"
"35230";"2014-1";"T2EB01";"3804"
"35230";"2014-1";"T2GB01";"3813"
"35247";"2014-1";"T2AB06";"3800"
"35247";"2014-1";"T2BB06";"3801"
"35247";"2014-1";"T2CB06";"3802"
"35247";"2014-1";"T2DB06";"3803"
"35247";"2014-1";"T2EB06";"3804"
"35247";"2014-1";"T2GB06";"3813"
"35271";"2014-1";"T2AB06";"3800"
"35271";"2014-1";"T2BB06";"3801"
"35271";"2014-1";"T2CB06";"3802"
"35271";"2014-1";"T2DB06";"3803"
"35271";"2014-1";"T2EB06";"3804"
"35271";"2014-1";"T2GB06";"3813"
"35274";"2014-1";"T2AB01";"3800"
"35274";"2014-1";"T2BB01";"3801"
"35274";"2014-1";"T2CB01";"3802"
"35274";"2014-1";"T2DB01";"3803"
"35274";"2014-1";"T2EB01";"3804"
"35274";"2014-1";"T2GB01";"3813"
"35282";"2014-1";"T2AB16";"3800"
"35282";"2014-1";"T2BB16";"3801"
"35282";"2014-1";"T2CB16";"3802"
"35282";"2014-1";"T2DB16";"3803"
"35282";"2014-1";"T2EB16";"3804"
"35282";"2014-1";"T2FB16";"3812"
"35283";"2014-1";"T2AB02";"3800"
"35283";"2014-1";"T2BB02";"3801"
"35283";"2014-1";"T2CB02";"3802"
"35283";"2014-1";"T2DB02";"3803"
"35283";"2014-1";"T2EB02";"3804"
"35283";"2014-1";"T2GB02";"3813"
"35298";"2014-1";"T2AB06";"3800"
"35298";"2014-1";"T2BB06";"3801"
"35298";"2014-1";"T2CB06";"3802"
"35298";"2014-1";"T2DB06";"3803"
"35298";"2014-1";"T2EB06";"3804"
"35298";"2014-1";"T2GB06";"3813"
"35327";"2014-1";"T2AB04";"3800"
"35327";"2014-1";"T2BB04";"3801"
"35327";"2014-1";"T2CB04";"3802"
"35327";"2014-1";"T2DB04";"3803"
"35327";"2014-1";"T2EB04";"3804"
"35327";"2014-1";"T2GB04";"3813"
"35348";"2014-1";"T2AB02";"3800"
"35348";"2014-1";"T2BB02";"3801"
"35348";"2014-1";"T2CB02";"3802"
"35348";"2014-1";"T2DB02";"3803"
"35348";"2014-1";"T2EB02";"3804"
"35348";"2014-1";"T2GB02";"3813"
"35357";"2014-1";"T2AB03";"3800"
"35357";"2014-1";"T2BB03";"3801"
"35357";"2014-1";"T2CB03";"3802"
"35357";"2014-1";"T2DB03";"3803"
"35357";"2014-1";"T2EB03";"3804"
"35357";"2014-1";"T2GB03";"3813"
"35369";"2014-1";"T2AB04";"3800"
"35369";"2014-1";"T2BB01";"3801"
"35369";"2014-1";"T2CB04";"3802"
"35369";"2014-1";"T2DB04";"3803"
"35369";"2014-1";"T2EB01";"3804"
"35369";"2014-1";"T2GB01";"3813"
"35390";"2014-1";"T2AB02";"3800"
"35390";"2014-1";"T2BB02";"3801"
"35390";"2014-1";"T2CB02";"3802"
"35390";"2014-1";"T2DB02";"3803"
"35390";"2014-1";"T2EB02";"3804"
"35390";"2014-1";"T2GB02";"3813"
"35391";"2014-1";"T2AB02";"3800"
"35391";"2014-1";"T2BB02";"3801"
"35391";"2014-1";"T2CB02";"3802"
"35391";"2014-1";"T2DB02";"3803"
"35391";"2014-1";"T2EB02";"3804"
"35391";"2014-1";"T2GB02";"3813"
"35393";"2014-1";"T2AB06";"3800"
"35393";"2014-1";"T2BB06";"3801"
"35393";"2014-1";"T2CB06";"3802"
"35393";"2014-1";"T2DB06";"3803"
"35393";"2014-1";"T2EB06";"3804"
"35393";"2014-1";"T2GB06";"3813"
"35399";"2014-1";"T2AB06";"3800"
"35399";"2014-1";"T2BB06";"3801"
"35399";"2014-1";"T2CB06";"3802"
"35399";"2014-1";"T2DB06";"3803"
"35399";"2014-1";"T2EB06";"3804"
"35399";"2014-1";"T2GB06";"3813"
"35400";"2014-1";"T2AB02";"3800"
"35400";"2014-1";"T2BB02";"3801"
"35400";"2014-1";"T2CB02";"3802"
"35400";"2014-1";"T2DB02";"3803"
"35400";"2014-1";"T2EB02";"3804"
"35400";"2014-1";"T2GB02";"3813"
"35406";"2014-1";"T2AB04";"3800"
"35406";"2014-1";"T2BB04";"3801"
"35406";"2014-1";"T2CB04";"3802"
"35406";"2014-1";"T2DB04";"3803"
"35406";"2014-1";"T2EB04";"3804"
"35406";"2014-1";"T2GB04";"3813"
"35412";"2014-1";"T2AB02";"3800"
"35412";"2014-1";"T2BB02";"3801"
"35412";"2014-1";"T2CB02";"3802"
"35412";"2014-1";"T2DB02";"3803"
"35412";"2014-1";"T2EB02";"3804"
"35412";"2014-1";"T2GB02";"3813"
"35418";"2014-1";"T2AB01";"3800"
"35418";"2014-1";"T2BB01";"3801"
"35418";"2014-1";"T2CB01";"3802"
"35418";"2014-1";"T2DB01";"3803"
"35418";"2014-1";"T2EB01";"3804"
"35418";"2014-1";"T2GB01";"3813"
"35422";"2014-1";"T2AB02";"3800"
"35422";"2014-1";"T2BB02";"3801"
"35422";"2014-1";"T2CB02";"3802"
"35422";"2014-1";"T2DB02";"3803"
"35422";"2014-1";"T2EB02";"3804"
"35422";"2014-1";"T2GB02";"3813"
"35425";"2014-1";"T2AB11";"3800"
"35425";"2014-1";"T2BB11";"3801"
"35425";"2014-1";"T2CB11";"3802"
"35425";"2014-1";"T2DB11";"3803"
"35425";"2014-1";"T2EB11";"3804"
"35425";"2014-1";"T2FB11";"3812"
"35425";"2014-1";"T2GB11";"3813"
"35439";"2014-1";"T2AB04";"3800"
"35439";"2014-1";"T2BB04";"3801"
"35439";"2014-1";"T2CB04";"3802"
"35439";"2014-1";"T2DB04";"3803"
"35439";"2014-1";"T2EB04";"3804"
"35439";"2014-1";"T2GB04";"3813"
"35463";"2014-1";"T2AB04";"3800"
"35463";"2014-1";"T2BB04";"3801"
"35463";"2014-1";"T2CB04";"3802"
"35463";"2014-1";"T2DB04";"3803"
"35463";"2014-1";"T2EB04";"3804"
"35463";"2014-1";"T2GB04";"3813"
"35469";"2014-1";"T2AB02";"3800"
"35469";"2014-1";"T2BB02";"3801"
"35469";"2014-1";"T2CB02";"3802"
"35469";"2014-1";"T2DB02";"3803"
"35469";"2014-1";"T2EB02";"3804"
"35469";"2014-1";"T2GB02";"3813"
"35493";"2014-1";"T2AB06";"3800"
"35493";"2014-1";"T2BB06";"3801"
"35493";"2014-1";"T2CB06";"3802"
"35493";"2014-1";"T2DB06";"3803"
"35493";"2014-1";"T2EB06";"3804"
"35493";"2014-1";"T2GB06";"3813"
"35494";"2014-1";"T2AB01";"3800"
"35494";"2014-1";"T2BB01";"3801"
"35494";"2014-1";"T2CB01";"3802"
"35494";"2014-1";"T2DB01";"3803"
"35494";"2014-1";"T2EB01";"3804"
"35494";"2014-1";"T2GB01";"3813"
"35657";"2014-1";"T2AB06";"3800"
"35657";"2014-1";"T2BB06";"3801"
"35657";"2014-1";"T2CB06";"3802"
"35657";"2014-1";"T2DB06";"3803"
"35657";"2014-1";"T2EB06";"3804"
"35657";"2014-1";"T2GB06";"3813"
"35661";"2014-1";"T2AB06";"3800"
"35661";"2014-1";"T2BB06";"3801"
"35661";"2014-1";"T2CB06";"3802"
"35661";"2014-1";"T2DB06";"3803"
"35661";"2014-1";"T2EB06";"3804"
"35661";"2014-1";"T2GB06";"3813"
"35679";"2014-1";"T2AB15";"3800"
"35679";"2014-1";"T2BB15";"3801"
"35679";"2014-1";"T2CB15";"3802"
"35679";"2014-1";"T2DB15";"3803"
"35679";"2014-1";"T2EB15";"3804"
"35679";"2014-1";"T2FB15";"3812"
"35679";"2014-1";"T2GB15";"3813"
"35690";"2014-1";"T2AB02";"3800"
"35690";"2014-1";"T2BB02";"3801"
"35690";"2014-1";"T2CB02";"3802"
"35690";"2014-1";"T2DB02";"3803"
"35690";"2014-1";"T2EB02";"3804"
"35690";"2014-1";"T2GB02";"3813"
"35700";"2014-1";"T2AB03";"3800"
"35700";"2014-1";"T2BB03";"3801"
"35700";"2014-1";"T2CB03";"3802"
"35700";"2014-1";"T2DB03";"3803"
"35700";"2014-1";"T2EB03";"3804"
"35700";"2014-1";"T2GB03";"3813"
"35712";"2014-1";"T2AB11";"3800"
"35712";"2014-1";"T2BB11";"3801"
"35712";"2014-1";"T2CB11";"3802"
"35712";"2014-1";"T2DB11";"3803"
"35712";"2014-1";"T2EB11";"3804"
"35712";"2014-1";"T2FB11";"3812"
"35712";"2014-1";"T2GB11";"3813"
"35716";"2014-1";"T2AB01";"3800"
"35716";"2014-1";"T2BB01";"3801"
"35716";"2014-1";"T2CB01";"3802"
"35716";"2014-1";"T2DB01";"3803"
"35716";"2014-1";"T2EB01";"3804"
"35716";"2014-1";"T2GB01";"3813"
"35725";"2014-1";"T2AB02";"3800"
"35725";"2014-1";"T2BB02";"3801"
"35725";"2014-1";"T2CB02";"3802"
"35725";"2014-1";"T2DB02";"3803"
"35725";"2014-1";"T2EB02";"3804"
"35725";"2014-1";"T2GB02";"3813"
"35726";"2014-1";"T2AB02";"3800"
"35726";"2014-1";"T2BB02";"3801"
"35726";"2014-1";"T2CB02";"3802"
"35726";"2014-1";"T2DB02";"3803"
"35726";"2014-1";"T2EB02";"3804"
"35726";"2014-1";"T2GB02";"3813"
"35732";"2014-1";"T2AB04";"3800"
"35732";"2014-1";"T2BB04";"3801"
"35732";"2014-1";"T2CB04";"3802"
"35732";"2014-1";"T2DB04";"3803"
"35732";"2014-1";"T2EB04";"3804"
"35732";"2014-1";"T2GB04";"3813"
"35735";"2014-1";"T2AB11";"3800"
"35735";"2014-1";"T2BB11";"3801"
"35735";"2014-1";"T2CB11";"3802"
"35735";"2014-1";"T2DB11";"3803"
"35735";"2014-1";"T2EB11";"3804"
"35735";"2014-1";"T2FB11";"3812"
"35735";"2014-1";"T2GB11";"3813"
"35751";"2014-1";"T2AB04";"3800"
"35751";"2014-1";"T2BB04";"3801"
"35751";"2014-1";"T2CB04";"3802"
"35751";"2014-1";"T2DB04";"3803"
"35751";"2014-1";"T2EB04";"3804"
"35751";"2014-1";"T2GB04";"3813"
"35753";"2014-1";"T2AB01";"3800"
"35753";"2014-1";"T2BB01";"3801"
"35753";"2014-1";"T2CB01";"3802"
"35753";"2014-1";"T2DB01";"3803"
"35753";"2014-1";"T2EB01";"3804"
"35753";"2014-1";"T2GB01";"3813"
"35754";"2014-1";"T2AB03";"3800"
"35754";"2014-1";"T2BB03";"3801"
"35754";"2014-1";"T2CB03";"3802"
"35754";"2014-1";"T2DB03";"3803"
"35754";"2014-1";"T2EB03";"3804"
"35754";"2014-1";"T2GB03";"3813"
"35788";"2014-1";"T2AB01";"3800"
"35788";"2014-1";"T2BB01";"3801"
"35788";"2014-1";"T2CB01";"3802"
"35788";"2014-1";"T2DB01";"3803"
"35788";"2014-1";"T2EB01";"3804"
"35788";"2014-1";"T2GB01";"3813"
"35793";"2014-1";"T2AB01";"3800"
"35793";"2014-1";"T2BB01";"3801"
"35793";"2014-1";"T2CB01";"3802"
"35793";"2014-1";"T2DB01";"3803"
"35793";"2014-1";"T2EB01";"3804"
"35793";"2014-1";"T2GB01";"3813"
"35835";"2014-1";"T2AB01";"3800"
"35835";"2014-1";"T2BB01";"3801"
"35835";"2014-1";"T2CB01";"3802"
"35835";"2014-1";"T2DB01";"3803"
"35835";"2014-1";"T2EB01";"3804"
"35835";"2014-1";"T2GB01";"3813"
"40008";"2014-1";"T2AB05";"3800"
"40008";"2014-1";"T2BB05";"3801"
"40008";"2014-1";"T2CB05";"3802"
"40008";"2014-1";"T2DB05";"3803"
"40008";"2014-1";"T2EB05";"3804"
"40008";"2014-1";"T2GB05";"3813"
"40018";"2014-1";"T2AB06";"3800"
"40018";"2014-1";"T2BB06";"3801"
"40018";"2014-1";"T2CB06";"3802"
"40018";"2014-1";"T2DB06";"3803"
"40018";"2014-1";"T2EB06";"3804"
"40018";"2014-1";"T2GB06";"3813"
"40022";"2014-1";"T2AB05";"3800"
"40022";"2014-1";"T2BB05";"3801"
"40022";"2014-1";"T2CB05";"3802"
"40022";"2014-1";"T2DB05";"3803"
"40022";"2014-1";"T2EB05";"3804"
"40022";"2014-1";"T2GB05";"3813"
"40024";"2014-1";"T2AB06";"3800"
"40024";"2014-1";"T2BB06";"3801"
"40024";"2014-1";"T2CB06";"3802"
"40024";"2014-1";"T2DB06";"3803"
"40024";"2014-1";"T2EB06";"3804"
"40024";"2014-1";"T2GB06";"3813"
"41112";"2014-1";"T2AB11";"3800"
"41112";"2014-1";"T2BB11";"3801"
"41112";"2014-1";"T2CB11";"3802"
"41112";"2014-1";"T2DB11";"3803"
"41112";"2014-1";"T2EB11";"3804"
"41112";"2014-1";"T2FB11";"3812"
"41112";"2014-1";"T2GB11";"3813"
"41113";"2014-1";"T2AB11";"3800"
"41113";"2014-1";"T2BB11";"3801"
"41113";"2014-1";"T2CB11";"3802"
"41113";"2014-1";"T2DB11";"3803"
"41113";"2014-1";"T2EB11";"3804"
"41113";"2014-1";"T2FB11";"3812"
"41113";"2014-1";"T2GB11";"3813"
"41114";"2014-1";"T2AB11";"3800"
"41114";"2014-1";"T2BB11";"3801"
"41114";"2014-1";"T2CB11";"3802"
"41114";"2014-1";"T2DB11";"3803"
"41114";"2014-1";"T2EB11";"3804"
"41114";"2014-1";"T2FB11";"3812"
"41114";"2014-1";"T2GB11";"3813"
"41115";"2014-1";"T2AB16";"3800"
"41115";"2014-1";"T2BB16";"3801"
"41115";"2014-1";"T2CB16";"3802"
"41115";"2014-1";"T2DB16";"3803"
"41115";"2014-1";"T2EB16";"3804"
"41115";"2014-1";"T2FB16";"3812"
"41115";"2014-1";"T2GB16";"3813"
"41117";"2014-1";"T2AB11";"3800"
"41117";"2014-1";"T2BB11";"3801"
"41117";"2014-1";"T2CB11";"3802"
"41117";"2014-1";"T2DB11";"3803"
"41117";"2014-1";"T2EB11";"3804"
"41117";"2014-1";"T2FB11";"3812"
"41117";"2014-1";"T2GB11";"3813"
"41140";"2014-1";"T2AB11";"3800"
"41140";"2014-1";"T2BB11";"3801"
"41140";"2014-1";"T2CB11";"3802"
"41140";"2014-1";"T2DB11";"3803"
"41140";"2014-1";"T2EB11";"3804"
"41140";"2014-1";"T2FB11";"3812"
"41140";"2014-1";"T2GB11";"3813"
"41148";"2014-1";"T2AB16";"3800"
"41148";"2014-1";"T2BB16";"3801"
"41148";"2014-1";"T2CB16";"3802"
"41148";"2014-1";"T2DB16";"3803"
"41148";"2014-1";"T2EB16";"3804"
"41148";"2014-1";"T2FB16";"3812"
"41148";"2014-1";"T2GB16";"3813"
"41150";"2014-1";"T2AB11";"3800"
"41150";"2014-1";"T2BB11";"3801"
"41150";"2014-1";"T2CB11";"3802"
"41150";"2014-1";"T2DB11";"3803"
"41150";"2014-1";"T2EB11";"3804"
"41150";"2014-1";"T2FB11";"3812"
"41150";"2014-1";"T2GB11";"3813"
"41160";"2014-1";"T2AB11";"3800"
"41160";"2014-1";"T2BB11";"3801"
"41160";"2014-1";"T2CB11";"3802"
"41160";"2014-1";"T2DB11";"3803"
"41160";"2014-1";"T2EB11";"3804"
"41160";"2014-1";"T2FB11";"3812"
"41160";"2014-1";"T2GB11";"3813"
"41200";"2014-1";"T2AB12";"3800"
"41200";"2014-1";"T2BB12";"3801"
"41200";"2014-1";"T2CB12";"3802"
"41200";"2014-1";"T2DB12";"3803"
"41200";"2014-1";"T2EB12";"3804"
"41200";"2014-1";"T2FB12";"3812"
"41200";"2014-1";"T2GB12";"3813"
"41205";"2014-1";"T2AB15";"3800"
"41205";"2014-1";"T2BB15";"3801"
"41205";"2014-1";"T2CB15";"3802"
"41205";"2014-1";"T2DB15";"3803"
"41205";"2014-1";"T2EB15";"3804"
"41205";"2014-1";"T2FB15";"3812"
"41205";"2014-1";"T2GB15";"3813"
"41213";"2014-1";"T2AB11";"3800"
"41213";"2014-1";"T2BB11";"3801"
"41213";"2014-1";"T2CB11";"3802"
"41213";"2014-1";"T2DB11";"3803"
"41213";"2014-1";"T2EB11";"3804"
"41213";"2014-1";"T2FB11";"3812"
"41213";"2014-1";"T2GB11";"3813"
"41219";"2014-1";"T2AB11";"3800"
"41219";"2014-1";"T2BB11";"3801"
"41219";"2014-1";"T2CB11";"3802"
"41219";"2014-1";"T2DB11";"3803"
"41219";"2014-1";"T2EB11";"3804"
"41219";"2014-1";"T2FB11";"3812"
"41219";"2014-1";"T2GB11";"3813"
"41272";"2014-1";"T2AB15";"3800"
"41272";"2014-1";"T2BB15";"3801"
"41272";"2014-1";"T2CB15";"3802"
"41272";"2014-1";"T2DB15";"3803"
"41272";"2014-1";"T2EB15";"3804"
"41272";"2014-1";"T2FB15";"3812"
"41272";"2014-1";"T2GB15";"3813"
"41274";"2014-1";"T2AB13";"3800"
"41274";"2014-1";"T2BB13";"3801"
"41274";"2014-1";"T2CB13";"3802"
"41274";"2014-1";"T2DB13";"3803"
"41274";"2014-1";"T2EB13";"3804"
"41274";"2014-1";"T2FB13";"3812"
"41274";"2014-1";"T2GB13";"3813"
"41276";"2014-1";"T2AB11";"3800"
"41276";"2014-1";"T2BB11";"3801"
"41276";"2014-1";"T2CB11";"3802"
"41276";"2014-1";"T2DB11";"3803"
"41276";"2014-1";"T2EB11";"3804"
"41276";"2014-1";"T2FB11";"3812"
"41276";"2014-1";"T2GB11";"3813"
"41286";"2014-1";"T2AB15";"3800"
"41286";"2014-1";"T2BB15";"3801"
"41286";"2014-1";"T2CB15";"3802"
"41286";"2014-1";"T2DB15";"3803"
"41286";"2014-1";"T2EB15";"3804"
"41286";"2014-1";"T2FB15";"3812"
"41286";"2014-1";"T2GB15";"3813"
"41289";"2014-1";"T2AB12";"3800"
"41289";"2014-1";"T2BB12";"3801"
"41289";"2014-1";"T2CB12";"3802"
"41289";"2014-1";"T2DB12";"3803"
"41289";"2014-1";"T2EB12";"3804"
"41289";"2014-1";"T2FB12";"3812"
"41289";"2014-1";"T2GB12";"3813"
"41307";"2014-1";"T2AB12";"3800"
"41307";"2014-1";"T2BB12";"3801"
"41307";"2014-1";"T2CB12";"3802"
"41307";"2014-1";"T2DB12";"3803"
"41307";"2014-1";"T2EB12";"3804"
"41307";"2014-1";"T2FB12";"3812"
"41307";"2014-1";"T2GB12";"3813"
"41308";"2014-1";"T2AB11";"3800"
"41308";"2014-1";"T2BB11";"3801"
"41308";"2014-1";"T2CB11";"3802"
"41308";"2014-1";"T2DB11";"3803"
"41308";"2014-1";"T2EB11";"3804"
"41308";"2014-1";"T2FB11";"3812"
"41308";"2014-1";"T2GB11";"3813"
"41328";"2014-1";"T2AB15";"3800"
"41328";"2014-1";"T2BB15";"3801"
"41328";"2014-1";"T2CB15";"3802"
"41328";"2014-1";"T2DB15";"3803"
"41328";"2014-1";"T2EB15";"3804"
"41328";"2014-1";"T2FB15";"3812"
"41328";"2014-1";"T2GB15";"3813"
"41368";"2014-1";"T2AB13";"3800"
"41368";"2014-1";"T2BB13";"3801"
"41368";"2014-1";"T2CB13";"3802"
"41368";"2014-1";"T2DB13";"3803"
"41368";"2014-1";"T2EB13";"3804"
"41368";"2014-1";"T2FB13";"3812"
"41368";"2014-1";"T2GB13";"3813"
"41379";"2014-1";"T2AB11";"3800"
"41379";"2014-1";"T2BB11";"3801"
"41379";"2014-1";"T2CB11";"3802"
"41379";"2014-1";"T2DB11";"3803"
"41379";"2014-1";"T2EB11";"3804"
"41379";"2014-1";"T2FB11";"3812"
"41379";"2014-1";"T2GB11";"3813"
"41382";"2014-1";"T2AB15";"3800"
"41382";"2014-1";"T2BB15";"3801"
"41382";"2014-1";"T2CB15";"3802"
"41382";"2014-1";"T2DB15";"3803"
"41382";"2014-1";"T2EB15";"3804"
"41382";"2014-1";"T2FB15";"3812"
"41382";"2014-1";"T2GB15";"3813"
"41391";"2014-1";"T2AB11";"3800"
"41391";"2014-1";"T2BB11";"3801"
"41391";"2014-1";"T2CB11";"3802"
"41391";"2014-1";"T2DB11";"3803"
"41391";"2014-1";"T2EB11";"3804"
"41391";"2014-1";"T2FB11";"3812"
"41391";"2014-1";"T2GB11";"3813"
"41401";"2014-1";"T2AB15";"3800"
"41401";"2014-1";"T2BB15";"3801"
"41401";"2014-1";"T2CB15";"3802"
"41401";"2014-1";"T2DB15";"3803"
"41401";"2014-1";"T2EB15";"3804"
"41401";"2014-1";"T2FB15";"3812"
"41401";"2014-1";"T2GB15";"3813"
"41416";"2014-1";"T2AB16";"3800"
"41416";"2014-1";"T2BB16";"3801"
"41416";"2014-1";"T2CB16";"3802"
"41416";"2014-1";"T2DB16";"3803"
"41416";"2014-1";"T2EB16";"3804"
"41416";"2014-1";"T2FB16";"3812"
"41416";"2014-1";"T2GB16";"3813"
"41418";"2014-1";"T2AB15";"3800"
"41418";"2014-1";"T2BB15";"3801"
"41418";"2014-1";"T2CB15";"3802"
"41418";"2014-1";"T2DB15";"3803"
"41418";"2014-1";"T2EB15";"3804"
"41418";"2014-1";"T2FB15";"3812"
"41418";"2014-1";"T2GB15";"3813"
"41434";"2014-1";"T2AB15";"3800"
"41434";"2014-1";"T2BB15";"3801"
"41434";"2014-1";"T2CB15";"3802"
"41434";"2014-1";"T2DB15";"3803"
"41434";"2014-1";"T2EB15";"3804"
"41434";"2014-1";"T2FB15";"3812"
"41434";"2014-1";"T2GB15";"3813"
"41454";"2014-1";"T2AB15";"3800"
"41454";"2014-1";"T2BB15";"3801"
"41454";"2014-1";"T2CB15";"3802"
"41454";"2014-1";"T2DB15";"3803"
"41454";"2014-1";"T2EB15";"3804"
"41454";"2014-1";"T2FB15";"3812"
"41454";"2014-1";"T2GB15";"3813"
"41462";"2014-1";"T2AB15";"3800"
"41462";"2014-1";"T2BB15";"3801"
"41462";"2014-1";"T2CB15";"3802"
"41462";"2014-1";"T2DB15";"3803"
"41462";"2014-1";"T2EB15";"3804"
"41462";"2014-1";"T2FB15";"3812"
"41462";"2014-1";"T2GB15";"3813"
"41468";"2014-1";"T2AB15";"3800"
"41468";"2014-1";"T2BB15";"3801"
"41468";"2014-1";"T2CB15";"3802"
"41468";"2014-1";"T2DB15";"3803"
"41468";"2014-1";"T2EB15";"3804"
"41468";"2014-1";"T2FB15";"3812"
"41468";"2014-1";"T2GB15";"3813"
"41524";"2014-1";"T2AB16";"3800"
"41524";"2014-1";"T2BB16";"3801"
"41524";"2014-1";"T2CB16";"3802"
"41524";"2014-1";"T2DB16";"3803"
"41524";"2014-1";"T2EB16";"3804"
"41524";"2014-1";"T2FB16";"3812"
"41524";"2014-1";"T2GB16";"3813"
"41579";"2014-1";"T2AB11";"3800"
"41579";"2014-1";"T2BB11";"3801"
"41579";"2014-1";"T2CB11";"3802"
"41579";"2014-1";"T2DB11";"3803"
"41579";"2014-1";"T2EB11";"3804"
"41579";"2014-1";"T2FB11";"3812"
"41579";"2014-1";"T2GB11";"3813"
"41581";"2014-1";"T2AB16";"3800"
"41581";"2014-1";"T2BB16";"3801"
"41581";"2014-1";"T2CB16";"3802"
"41581";"2014-1";"T2DB16";"3803"
"41581";"2014-1";"T2EB16";"3804"
"41581";"2014-1";"T2FB16";"3812"
"41581";"2014-1";"T2GB16";"3813"
"41603";"2014-1";"T2AB15";"3800"
"41603";"2014-1";"T2BB15";"3801"
"41603";"2014-1";"T2CB15";"3802"
"41603";"2014-1";"T2DB15";"3803"
"41603";"2014-1";"T2EB15";"3804"
"41603";"2014-1";"T2FB15";"3812"
"41603";"2014-1";"T2GB15";"3813"
"41666";"2014-1";"T2AB16";"3800"
"41666";"2014-1";"T2BB16";"3801"
"41666";"2014-1";"T2CB16";"3802"
"41666";"2014-1";"T2DB16";"3803"
"41666";"2014-1";"T2EB16";"3804"
"41666";"2014-1";"T2FB16";"3812"
"41666";"2014-1";"T2GB16";"3813"
"41681";"2014-1";"T2AB15";"3800"
"41681";"2014-1";"T2BB15";"3801"
"41681";"2014-1";"T2CB15";"3802"
"41681";"2014-1";"T2DB15";"3803"
"41681";"2014-1";"T2EB15";"3804"
"41681";"2014-1";"T2FB15";"3812"
"41681";"2014-1";"T2GB15";"3813"
"41685";"2014-1";"T2AB15";"3800"
"41685";"2014-1";"T2BB15";"3801"
"41685";"2014-1";"T2CB15";"3802"
"41685";"2014-1";"T2DB15";"3803"
"41685";"2014-1";"T2EB15";"3804"
"41685";"2014-1";"T2FB15";"3812"
"41685";"2014-1";"T2GB15";"3813"
"41691";"2014-1";"T2AB16";"3800"
"41691";"2014-1";"T2BB16";"3801"
"41691";"2014-1";"T2CB16";"3802"
"41691";"2014-1";"T2DB16";"3803"
"41691";"2014-1";"T2EB16";"3804"
"41691";"2014-1";"T2FB16";"3812"
"41691";"2014-1";"T2GB16";"3813"
"41711";"2014-1";"T2AB11";"3800"
"41711";"2014-1";"T2BB11";"3801"
"41711";"2014-1";"T2CB11";"3802"
"41711";"2014-1";"T2DB11";"3803"
"41711";"2014-1";"T2EB11";"3804"
"41711";"2014-1";"T2FB11";"3812"
"41722";"2014-1";"T2AB13";"3800"
"41722";"2014-1";"T2BB13";"3801"
"41722";"2014-1";"T2CB13";"3802"
"41722";"2014-1";"T2DB13";"3803"
"41722";"2014-1";"T2EB13";"3804"
"41722";"2014-1";"T2FB13";"3812"
"41722";"2014-1";"T2GB13";"3813"
"41748";"2014-1";"T2AB12";"3800"
"41748";"2014-1";"T2BB12";"3801"
"41748";"2014-1";"T2CB12";"3802"
"41748";"2014-1";"T2DB12";"3803"
"41748";"2014-1";"T2EB12";"3804"
"41748";"2014-1";"T2FB12";"3812"
"41748";"2014-1";"T2GB12";"3813"
"41775";"2014-1";"T2AB12";"3800"
"41775";"2014-1";"T2BB12";"3801"
"41775";"2014-1";"T2CB12";"3802"
"41775";"2014-1";"T2DB12";"3803"
"41775";"2014-1";"T2EB12";"3804"
"41775";"2014-1";"T2FB12";"3812"
"41775";"2014-1";"T2GB12";"3813"
"41776";"2014-1";"T2AB12";"3800"
"41776";"2014-1";"T2BB12";"3801"
"41776";"2014-1";"T2CB12";"3802"
"41776";"2014-1";"T2DB12";"3803"
"41776";"2014-1";"T2EB12";"3804"
"41776";"2014-1";"T2FB12";"3812"
"41776";"2014-1";"T2GB12";"3813"
"41781";"2014-1";"T2AB15";"3800"
"41781";"2014-1";"T2BB15";"3801"
"41781";"2014-1";"T2CB15";"3802"
"41781";"2014-1";"T2DB15";"3803"
"41781";"2014-1";"T2EB15";"3804"
"41781";"2014-1";"T2FB15";"3812"
"41781";"2014-1";"T2GB15";"3813"
"41786";"2014-1";"T2AB12";"3800"
"41786";"2014-1";"T2BB12";"3801"
"41786";"2014-1";"T2CB12";"3802"
"41786";"2014-1";"T2DB12";"3803"
"41786";"2014-1";"T2EB12";"3804"
"41786";"2014-1";"T2FB12";"3812"
"41786";"2014-1";"T2GB12";"3813"
"41821";"2014-1";"T2AB12";"3800"
"41821";"2014-1";"T2BB12";"3801"
"41821";"2014-1";"T2CB12";"3802"
"41821";"2014-1";"T2DB12";"3803"
"41821";"2014-1";"T2EB12";"3804"
"41821";"2014-1";"T2FB12";"3812"
"41821";"2014-1";"T2GB12";"3813"
"41840";"2014-1";"T2AB14";"3800"
"41840";"2014-1";"T2BB14";"3801"
"41840";"2014-1";"T2CB14";"3802"
"41840";"2014-1";"T2DB14";"3803"
"41840";"2014-1";"T2EB14";"3804"
"41840";"2014-1";"T2FB14";"3812"
"41840";"2014-1";"T2GB14";"3813"
"41913";"2014-1";"T2AB12";"3800"
"41913";"2014-1";"T2BB12";"3801"
"41913";"2014-1";"T2CB12";"3802"
"41913";"2014-1";"T2DB12";"3803"
"41913";"2014-1";"T2EB12";"3804"
"41913";"2014-1";"T2FB12";"3812"
"41913";"2014-1";"T2GB12";"3813"
"41918";"2014-1";"T2AB14";"3800"
"41918";"2014-1";"T2BB14";"3801"
"41918";"2014-1";"T2CB14";"3802"
"41918";"2014-1";"T2DB14";"3803"
"41918";"2014-1";"T2EB14";"3804"
"41918";"2014-1";"T2FB14";"3812"
"41918";"2014-1";"T2GB14";"3813"
"41995";"2014-1";"T2AB12";"3800"
"41995";"2014-1";"T2BB12";"3801"
"41995";"2014-1";"T2CB12";"3802"
"41995";"2014-1";"T2DB12";"3803"
"41995";"2014-1";"T2EB12";"3804"
"41995";"2014-1";"T2FB12";"3812"
"41995";"2014-1";"T2GB12";"3813"
"41999";"2014-1";"T2AB14";"3800"
"41999";"2014-1";"T2BB14";"3801"
"41999";"2014-1";"T2CB14";"3802"
"41999";"2014-1";"T2DB14";"3803"
"41999";"2014-1";"T2EB14";"3804"
"41999";"2014-1";"T2FB14";"3812"
"41999";"2014-1";"T2GB14";"3813"
"42015";"2014-1";"T2AB14";"3800"
"42015";"2014-1";"T2BB14";"3801"
"42015";"2014-1";"T2CB14";"3802"
"42015";"2014-1";"T2DB14";"3803"
"42015";"2014-1";"T2EB14";"3804"
"42015";"2014-1";"T2FB14";"3812"
"42015";"2014-1";"T2GB14";"3813"
"42031";"2014-1";"T2AB12";"3800"
"42031";"2014-1";"T2BB12";"3801"
"42031";"2014-1";"T2CB12";"3802"
"42031";"2014-1";"T2DB12";"3803"
"42031";"2014-1";"T2EB12";"3804"
"42031";"2014-1";"T2FB12";"3812"
"42031";"2014-1";"T2GB12";"3813"
"42032";"2014-1";"T2AB15";"3800"
"42032";"2014-1";"T2BB15";"3801"
"42032";"2014-1";"T2CB15";"3802"
"42032";"2014-1";"T2DB15";"3803"
"42032";"2014-1";"T2EB15";"3804"
"42032";"2014-1";"T2FB15";"3812"
"42032";"2014-1";"T2GB15";"3813"
"42087";"2014-1";"T2AB16";"3800"
"42087";"2014-1";"T2BB16";"3801"
"42087";"2014-1";"T2CB16";"3802"
"42087";"2014-1";"T2DB16";"3803"
"42087";"2014-1";"T2EB16";"3804"
"42087";"2014-1";"T2FB16";"3812"
"42087";"2014-1";"T2GB16";"3813"
"42103";"2014-1";"T2AB14";"3800"
"42103";"2014-1";"T2BB14";"3801"
"42103";"2014-1";"T2CB14";"3802"
"42103";"2014-1";"T2DB14";"3803"
"42103";"2014-1";"T2EB14";"3804"
"42103";"2014-1";"T2FB14";"3812"
"42103";"2014-1";"T2GB14";"3813"
"42112";"2014-1";"T2AB13";"3800"
"42112";"2014-1";"T2BB13";"3801"
"42112";"2014-1";"T2CB13";"3802"
"42112";"2014-1";"T2DB13";"3803"
"42112";"2014-1";"T2EB13";"3804"
"42112";"2014-1";"T2FB13";"3812"
"42112";"2014-1";"T2GB13";"3813"
"42131";"2014-1";"T2AB12";"3800"
"42131";"2014-1";"T2BB12";"3801"
"42131";"2014-1";"T2CB12";"3802"
"42131";"2014-1";"T2DB12";"3803"
"42131";"2014-1";"T2EB12";"3804"
"42131";"2014-1";"T2FB12";"3812"
"42131";"2014-1";"T2GB12";"3813"
"42145";"2014-1";"T2AB14";"3800"
"42145";"2014-1";"T2BB14";"3801"
"42145";"2014-1";"T2CB14";"3802"
"42145";"2014-1";"T2DB14";"3803"
"42145";"2014-1";"T2EB14";"3804"
"42145";"2014-1";"T2FB14";"3812"
"42145";"2014-1";"T2GB14";"3813"
"42152";"2014-1";"T2AB14";"3800"
"42152";"2014-1";"T2BB14";"3801"
"42152";"2014-1";"T2CB14";"3802"
"42152";"2014-1";"T2DB14";"3803"
"42152";"2014-1";"T2EB14";"3804"
"42152";"2014-1";"T2FB14";"3812"
"42152";"2014-1";"T2GB14";"3813"
"42172";"2014-1";"T2AB15";"3800"
"42172";"2014-1";"T2BB15";"3801"
"42172";"2014-1";"T2CB15";"3802"
"42172";"2014-1";"T2DB15";"3803"
"42172";"2014-1";"T2EB15";"3804"
"42172";"2014-1";"T2FB15";"3812"
"42172";"2014-1";"T2GB15";"3813"
"42187";"2014-1";"T2AB13";"3800"
"42187";"2014-1";"T2BB13";"3801"
"42187";"2014-1";"T2CB13";"3802"
"42187";"2014-1";"T2DB13";"3803"
"42187";"2014-1";"T2EB13";"3804"
"42187";"2014-1";"T2FB13";"3812"
"42187";"2014-1";"T2GB13";"3813"
"42188";"2014-1";"T2AB14";"3800"
"42188";"2014-1";"T2BB14";"3801"
"42188";"2014-1";"T2CB14";"3802"
"42188";"2014-1";"T2DB14";"3803"
"42188";"2014-1";"T2EB14";"3804"
"42188";"2014-1";"T2FB14";"3812"
"42188";"2014-1";"T2GB14";"3813"
"42189";"2014-1";"T2AB14";"3800"
"42189";"2014-1";"T2BB14";"3801"
"42189";"2014-1";"T2CB14";"3802"
"42189";"2014-1";"T2DB14";"3803"
"42189";"2014-1";"T2EB14";"3804"
"42189";"2014-1";"T2FB14";"3812"
"42189";"2014-1";"T2GB14";"3813"
"42224";"2014-1";"T2AB12";"3800"
"42224";"2014-1";"T2BB12";"3801"
"42224";"2014-1";"T2CB12";"3802"
"42224";"2014-1";"T2DB12";"3803"
"42224";"2014-1";"T2EB12";"3804"
"42224";"2014-1";"T2FB12";"3812"
"42224";"2014-1";"T2GB12";"3813"
"42229";"2014-1";"T2AB15";"3800"
"42229";"2014-1";"T2BB15";"3801"
"42229";"2014-1";"T2CB15";"3802"
"42229";"2014-1";"T2DB15";"3803"
"42229";"2014-1";"T2EB15";"3804"
"42229";"2014-1";"T2FB15";"3812"
"42229";"2014-1";"T2GB15";"3813"
"42261";"2014-1";"T2AB13";"3800"
"42261";"2014-1";"T2BB13";"3801"
"42261";"2014-1";"T2CB13";"3802"
"42261";"2014-1";"T2DB13";"3803"
"42261";"2014-1";"T2EB13";"3804"
"42261";"2014-1";"T2FB13";"3812"
"42261";"2014-1";"T2GB13";"3813"
"42276";"2014-1";"T2AB14";"3800"
"42276";"2014-1";"T2BB14";"3801"
"42276";"2014-1";"T2CB14";"3802"
"42276";"2014-1";"T2DB14";"3803"
"42276";"2014-1";"T2EB14";"3804"
"42276";"2014-1";"T2FB14";"3812"
"42276";"2014-1";"T2GB14";"3813"
"42283";"2014-1";"T2AB14";"3800"
"42283";"2014-1";"T2BB14";"3801"
"42283";"2014-1";"T2CB14";"3802"
"42283";"2014-1";"T2DB14";"3803"
"42283";"2014-1";"T2EB14";"3804"
"42283";"2014-1";"T2FB14";"3812"
"42283";"2014-1";"T2GB14";"3813"
"42299";"2014-1";"T2AB14";"3800"
"42299";"2014-1";"T2BB14";"3801"
"42299";"2014-1";"T2CB14";"3802"
"42299";"2014-1";"T2DB14";"3803"
"42299";"2014-1";"T2EB14";"3804"
"42299";"2014-1";"T2FB14";"3812"
"42299";"2014-1";"T2GB14";"3813"
"42300";"2014-1";"T2AB14";"3800"
"42300";"2014-1";"T2BB14";"3801"
"42300";"2014-1";"T2CB14";"3802"
"42300";"2014-1";"T2DB14";"3803"
"42300";"2014-1";"T2EB14";"3804"
"42300";"2014-1";"T2FB14";"3812"
"42300";"2014-1";"T2GB14";"3813"
"42306";"2014-1";"T2AB14";"3800"
"42306";"2014-1";"T2BB14";"3801"
"42306";"2014-1";"T2CB14";"3802"
"42306";"2014-1";"T2DB14";"3803"
"42306";"2014-1";"T2EB14";"3804"
"42306";"2014-1";"T2FB14";"3812"
"42306";"2014-1";"T2GB14";"3813"
"42325";"2014-1";"T2AB13";"3800"
"42325";"2014-1";"T2BB13";"3801"
"42325";"2014-1";"T2CB13";"3802"
"42325";"2014-1";"T2DB13";"3803"
"42325";"2014-1";"T2EB13";"3804"
"42325";"2014-1";"T2FB13";"3812"
"42325";"2014-1";"T2GB13";"3813"
"42330";"2014-1";"T2AB14";"3800"
"42330";"2014-1";"T2BB14";"3801"
"42330";"2014-1";"T2CB14";"3802"
"42330";"2014-1";"T2DB14";"3803"
"42330";"2014-1";"T2EB14";"3804"
"42330";"2014-1";"T2FB14";"3812"
"42330";"2014-1";"T2GB14";"3813"
"42331";"2014-1";"T2AB14";"3800"
"42331";"2014-1";"T2BB14";"3801"
"42331";"2014-1";"T2CB14";"3802"
"42331";"2014-1";"T2DB14";"3803"
"42331";"2014-1";"T2EB14";"3804"
"42331";"2014-1";"T2FB14";"3812"
"42331";"2014-1";"T2GB14";"3813"
"42339";"2014-1";"T2AB13";"3800"
"42339";"2014-1";"T2BB13";"3801"
"42339";"2014-1";"T2CB13";"3802"
"42339";"2014-1";"T2DB13";"3803"
"42339";"2014-1";"T2EB13";"3804"
"42339";"2014-1";"T2FB13";"3812"
"42339";"2014-1";"T2GB13";"3813"
"42348";"2014-1";"T2AB14";"3800"
"42348";"2014-1";"T2BB14";"3801"
"42348";"2014-1";"T2CB14";"3802"
"42348";"2014-1";"T2DB14";"3803"
"42348";"2014-1";"T2EB14";"3804"
"42348";"2014-1";"T2FB14";"3812"
"42348";"2014-1";"T2GB14";"3813"
"42366";"2014-1";"T2AB11";"3800"
"42366";"2014-1";"T2BB11";"3801"
"42366";"2014-1";"T2CB11";"3802"
"42366";"2014-1";"T2DB11";"3803"
"42366";"2014-1";"T2EB11";"3804"
"42366";"2014-1";"T2FB11";"3812"
"42366";"2014-1";"T2GB11";"3813"
"42377";"2014-1";"T2AB12";"3800"
"42377";"2014-1";"T2BB12";"3801"
"42377";"2014-1";"T2CB12";"3802"
"42377";"2014-1";"T2DB12";"3803"
"42377";"2014-1";"T2EB12";"3804"
"42377";"2014-1";"T2FB12";"3812"
"42377";"2014-1";"T2GB12";"3813"
"42378";"2014-1";"T2AB15";"3800"
"42378";"2014-1";"T2BB15";"3801"
"42378";"2014-1";"T2CB15";"3802"
"42378";"2014-1";"T2DB15";"3803"
"42378";"2014-1";"T2EB15";"3804"
"42378";"2014-1";"T2FB15";"3812"
"42378";"2014-1";"T2GB15";"3813"
"42379";"2014-1";"T2AB12";"3800"
"42379";"2014-1";"T2BB12";"3801"
"42379";"2014-1";"T2CB12";"3802"
"42379";"2014-1";"T2DB12";"3803"
"42379";"2014-1";"T2EB12";"3804"
"42379";"2014-1";"T2FB12";"3812"
"42379";"2014-1";"T2GB12";"3813"
"42384";"2014-1";"T2AB13";"3800"
"42384";"2014-1";"T2BB13";"3801"
"42384";"2014-1";"T2CB13";"3802"
"42384";"2014-1";"T2DB13";"3803"
"42384";"2014-1";"T2EB13";"3804"
"42384";"2014-1";"T2FB13";"3812"
"42384";"2014-1";"T2GB13";"3813"
"42390";"2014-1";"T2AB15";"3800"
"42390";"2014-1";"T2BB15";"3801"
"42390";"2014-1";"T2CB15";"3802"
"42390";"2014-1";"T2DB15";"3803"
"42390";"2014-1";"T2EB15";"3804"
"42390";"2014-1";"T2FB15";"3812"
"42390";"2014-1";"T2GB15";"3813"
"42424";"2014-1";"T2AB15";"3800"
"42424";"2014-1";"T2BB15";"3801"
"42424";"2014-1";"T2CB15";"3802"
"42424";"2014-1";"T2DB15";"3803"
"42424";"2014-1";"T2EB15";"3804"
"42424";"2014-1";"T2FB15";"3812"
"42424";"2014-1";"T2GB15";"3813"
"42436";"2014-1";"T2AB13";"3800"
"42436";"2014-1";"T2BB13";"3801"
"42436";"2014-1";"T2CB13";"3802"
"42436";"2014-1";"T2DB13";"3803"
"42436";"2014-1";"T2EB13";"3804"
"42436";"2014-1";"T2FB13";"3812"
"42436";"2014-1";"T2GB13";"3813"
"42445";"2014-1";"T2AB15";"3800"
"42445";"2014-1";"T2BB15";"3801"
"42445";"2014-1";"T2CB15";"3802"
"42445";"2014-1";"T2DB15";"3803"
"42445";"2014-1";"T2EB15";"3804"
"42445";"2014-1";"T2FB15";"3812"
"42445";"2014-1";"T2GB15";"3813"
"42473";"2014-1";"T2AB15";"3800"
"42473";"2014-1";"T2BB15";"3801"
"42473";"2014-1";"T2CB15";"3802"
"42473";"2014-1";"T2DB15";"3803"
"42473";"2014-1";"T2EB15";"3804"
"42473";"2014-1";"T2FB15";"3812"
"42473";"2014-1";"T2GB15";"3813"
"42475";"2014-1";"T2AB15";"3800"
"42475";"2014-1";"T2BB15";"3801"
"42475";"2014-1";"T2CB15";"3802"
"42475";"2014-1";"T2DB15";"3803"
"42475";"2014-1";"T2EB15";"3804"
"42475";"2014-1";"T2FB15";"3812"
"42475";"2014-1";"T2GB15";"3813"
"42477";"2014-1";"T2AB15";"3800"
"42477";"2014-1";"T2BB15";"3801"
"42477";"2014-1";"T2CB15";"3802"
"42477";"2014-1";"T2DB15";"3803"
"42477";"2014-1";"T2EB15";"3804"
"42477";"2014-1";"T2FB15";"3812"
"42477";"2014-1";"T2GB15";"3813"
"42480";"2014-1";"T2AB16";"3800"
"42480";"2014-1";"T2BB16";"3801"
"42480";"2014-1";"T2CB16";"3802"
"42480";"2014-1";"T2DB16";"3803"
"42480";"2014-1";"T2EB16";"3804"
"42480";"2014-1";"T2FB16";"3812"
"42480";"2014-1";"T2GB16";"3813"
"42488";"2014-1";"T2AB12";"3800"
"42488";"2014-1";"T2BB12";"3801"
"42488";"2014-1";"T2CB12";"3802"
"42488";"2014-1";"T2DB12";"3803"
"42488";"2014-1";"T2EB12";"3804"
"42488";"2014-1";"T2FB12";"3812"
"42488";"2014-1";"T2GB12";"3813"
"42501";"2014-1";"T2AB15";"3800"
"42501";"2014-1";"T2BB15";"3801"
"42501";"2014-1";"T2CB15";"3802"
"42501";"2014-1";"T2DB15";"3803"
"42501";"2014-1";"T2EB15";"3804"
"42501";"2014-1";"T2FB15";"3812"
"42501";"2014-1";"T2GB15";"3813"
"42502";"2014-1";"T2AB15";"3800"
"42502";"2014-1";"T2BB15";"3801"
"42502";"2014-1";"T2CB15";"3802"
"42502";"2014-1";"T2DB15";"3803"
"42502";"2014-1";"T2EB15";"3804"
"42502";"2014-1";"T2FB15";"3812"
"42502";"2014-1";"T2GB15";"3813"
"42552";"2014-1";"T2AB15";"3800"
"42552";"2014-1";"T2BB15";"3801"
"42552";"2014-1";"T2CB15";"3802"
"42552";"2014-1";"T2DB15";"3803"
"42552";"2014-1";"T2EB15";"3804"
"42552";"2014-1";"T2FB15";"3812"
"42552";"2014-1";"T2GB15";"3813"
"42603";"2014-1";"T2AB13";"3800"
"42603";"2014-1";"T2BB13";"3801"
"42603";"2014-1";"T2CB13";"3802"
"42603";"2014-1";"T2DB13";"3803"
"42603";"2014-1";"T2EB13";"3804"
"42603";"2014-1";"T2FB13";"3812"
"42603";"2014-1";"T2GB13";"3813"
"42633";"2014-1";"T2AB13";"3800"
"42633";"2014-1";"T2BB13";"3801"
"42633";"2014-1";"T2CB13";"3802"
"42633";"2014-1";"T2DB13";"3803"
"42633";"2014-1";"T2EB13";"3804"
"42633";"2014-1";"T2FB13";"3812"
"42633";"2014-1";"T2GB13";"3813"
"42634";"2014-1";"T2AB11";"3800"
"42634";"2014-1";"T2BB11";"3801"
"42634";"2014-1";"T2CB11";"3802"
"42634";"2014-1";"T2DB11";"3803"
"42634";"2014-1";"T2EB11";"3804"
"42634";"2014-1";"T2FB11";"3812"
"42634";"2014-1";"T2GB11";"3813"
"42635";"2014-1";"T2AB11";"3800"
"42635";"2014-1";"T2BB11";"3801"
"42635";"2014-1";"T2CB11";"3802"
"42635";"2014-1";"T2DB11";"3803"
"42635";"2014-1";"T2EB11";"3804"
"42635";"2014-1";"T2FB11";"3812"
"42635";"2014-1";"T2GB11";"3813"
"42636";"2014-1";"T2AB11";"3800"
"42636";"2014-1";"T2BB11";"3801"
"42636";"2014-1";"T2CB11";"3802"
"42636";"2014-1";"T2DB11";"3803"
"42636";"2014-1";"T2EB11";"3804"
"42636";"2014-1";"T2FB11";"3812"
"42636";"2014-1";"T2GB11";"3813"
"42637";"2014-1";"T2AB11";"3800"
"42637";"2014-1";"T2BB11";"3801"
"42637";"2014-1";"T2CB11";"3802"
"42637";"2014-1";"T2DB11";"3803"
"42637";"2014-1";"T2EB11";"3804"
"42637";"2014-1";"T2FB11";"3812"
"42637";"2014-1";"T2GB11";"3813"
"42638";"2014-1";"T2AB16";"3800"
"42638";"2014-1";"T2BB16";"3801"
"42638";"2014-1";"T2CB16";"3802"
"42638";"2014-1";"T2DB16";"3803"
"42638";"2014-1";"T2EB16";"3804"
"42638";"2014-1";"T2FB16";"3812"
"42638";"2014-1";"T2GB16";"3813"
"42640";"2014-1";"T2AB16";"3800"
"42640";"2014-1";"T2BB16";"3801"
"42640";"2014-1";"T2CB16";"3802"
"42640";"2014-1";"T2DB16";"3803"
"42640";"2014-1";"T2EB16";"3804"
"42640";"2014-1";"T2FB16";"3812"
"42640";"2014-1";"T2GB16";"3813"
"42643";"2014-1";"T2AB13";"3800"
"42643";"2014-1";"T2BB13";"3801"
"42643";"2014-1";"T2CB13";"3802"
"42643";"2014-1";"T2DB13";"3803"
"42643";"2014-1";"T2EB13";"3804"
"42643";"2014-1";"T2FB13";"3812"
"42643";"2014-1";"T2GB13";"3813"
"42644";"2014-1";"T2AB16";"3800"
"42644";"2014-1";"T2BB16";"3801"
"42644";"2014-1";"T2CB16";"3802"
"42644";"2014-1";"T2DB16";"3803"
"42644";"2014-1";"T2EB16";"3804"
"42644";"2014-1";"T2FB16";"3812"
"42644";"2014-1";"T2GB16";"3813"
"42645";"2014-1";"T2AB12";"3800"
"42645";"2014-1";"T2BB12";"3801"
"42645";"2014-1";"T2CB12";"3802"
"42645";"2014-1";"T2DB12";"3803"
"42645";"2014-1";"T2EB12";"3804"
"42645";"2014-1";"T2FB12";"3812"
"42645";"2014-1";"T2GB12";"3813"
"42648";"2014-1";"T2AB12";"3800"
"42648";"2014-1";"T2BB12";"3801"
"42648";"2014-1";"T2CB12";"3802"
"42648";"2014-1";"T2DB12";"3803"
"42648";"2014-1";"T2EB12";"3804"
"42648";"2014-1";"T2FB12";"3812"
"42648";"2014-1";"T2GB12";"3813"
"42649";"2014-1";"T2AB12";"3800"
"42649";"2014-1";"T2BB12";"3801"
"42649";"2014-1";"T2CB12";"3802"
"42649";"2014-1";"T2DB12";"3803"
"42649";"2014-1";"T2EB12";"3804"
"42649";"2014-1";"T2FB12";"3812"
"42649";"2014-1";"T2GB12";"3813"
"42651";"2014-1";"T2AB14";"3800"
"42651";"2014-1";"T2BB14";"3801"
"42651";"2014-1";"T2CB14";"3802"
"42651";"2014-1";"T2DB14";"3803"
"42651";"2014-1";"T2EB14";"3804"
"42651";"2014-1";"T2FB14";"3812"
"42651";"2014-1";"T2GB14";"3813"
"42654";"2014-1";"T2AB15";"3800"
"42654";"2014-1";"T2BB15";"3801"
"42654";"2014-1";"T2CB15";"3802"
"42654";"2014-1";"T2DB15";"3803"
"42654";"2014-1";"T2EB15";"3804"
"42654";"2014-1";"T2FB15";"3812"
"42657";"2014-1";"T2AB16";"3800"
"42657";"2014-1";"T2BB16";"3801"
"42657";"2014-1";"T2CB16";"3802"
"42657";"2014-1";"T2DB16";"3803"
"42657";"2014-1";"T2EB16";"3804"
"42657";"2014-1";"T2FB16";"3812"
"42657";"2014-1";"T2GB16";"3813"
"42658";"2014-1";"T2AB14";"3800"
"42658";"2014-1";"T2BB14";"3801"
"42658";"2014-1";"T2CB14";"3802"
"42658";"2014-1";"T2DB14";"3803"
"42658";"2014-1";"T2EB14";"3804"
"42658";"2014-1";"T2FB14";"3812"
"42658";"2014-1";"T2GB14";"3813"
"42659";"2014-1";"T2AB13";"3800"
"42659";"2014-1";"T2BB13";"3801"
"42659";"2014-1";"T2CB13";"3802"
"42659";"2014-1";"T2DB13";"3803"
"42659";"2014-1";"T2EB13";"3804"
"42659";"2014-1";"T2FB13";"3812"
"42659";"2014-1";"T2GB13";"3813"
"42662";"2014-1";"T2AB13";"3800"
"42662";"2014-1";"T2BB13";"3801"
"42662";"2014-1";"T2CB13";"3802"
"42662";"2014-1";"T2DB13";"3803"
"42662";"2014-1";"T2EB13";"3804"
"42662";"2014-1";"T2FB13";"3812"
"42662";"2014-1";"T2GB13";"3813"
"42703";"2014-1";"T2AB13";"3800"
"42703";"2014-1";"T2BB13";"3801"
"42703";"2014-1";"T2CB13";"3802"
"42703";"2014-1";"T2DB13";"3803"
"42703";"2014-1";"T2EB13";"3804"
"42703";"2014-1";"T2FB13";"3812"
"42703";"2014-1";"T2GB13";"3813"
"42704";"2014-1";"T2AB16";"3800"
"42704";"2014-1";"T2BB16";"3801"
"42704";"2014-1";"T2CB16";"3802"
"42704";"2014-1";"T2DB16";"3803"
"42704";"2014-1";"T2EB16";"3804"
"42704";"2014-1";"T2FB16";"3812"
"42704";"2014-1";"T2GB16";"3813"
"42706";"2014-1";"T2AB13";"3800"
"42706";"2014-1";"T2BB13";"3801"
"42706";"2014-1";"T2CB13";"3802"
"42706";"2014-1";"T2DB13";"3803"
"42706";"2014-1";"T2EB13";"3804"
"42706";"2014-1";"T2FB13";"3812"
"42706";"2014-1";"T2GB13";"3813"
"42707";"2014-1";"T2AB14";"3800"
"42707";"2014-1";"T2BB14";"3801"
"42707";"2014-1";"T2CB14";"3802"
"42707";"2014-1";"T2DB14";"3803"
"42707";"2014-1";"T2EB14";"3804"
"42707";"2014-1";"T2FB14";"3812"
"42707";"2014-1";"T2GB14";"3813"
"42824";"2014-1";"T2AB13";"3800"
"42824";"2014-1";"T2BB13";"3801"
"42824";"2014-1";"T2CB13";"3802"
"42824";"2014-1";"T2DB13";"3803"
"42824";"2014-1";"T2EB13";"3804"
"42824";"2014-1";"T2FB13";"3812"
"42824";"2014-1";"T2GB13";"3813"
"43975";"2014-1";"T2AB16";"3800"
"43975";"2014-1";"T2BB16";"3801"
"43975";"2014-1";"T2CB16";"3802"
"43975";"2014-1";"T2DB16";"3803"
"43975";"2014-1";"T2EB16";"3804"
"43975";"2014-1";"T2FB16";"3812"
"43975";"2014-1";"T2GB16";"3813"
"43976";"2014-1";"T2AB16";"3800"
"43976";"2014-1";"T2BB16";"3801"
"43976";"2014-1";"T2CB16";"3802"
"43976";"2014-1";"T2DB16";"3803"
"43976";"2014-1";"T2EB16";"3804"
"43976";"2014-1";"T2FB16";"3812"
"43976";"2014-1";"T2GB16";"3813"
"43977";"2014-1";"T2AB16";"3800"
"43977";"2014-1";"T2BB16";"3801"
"43977";"2014-1";"T2CB16";"3802"
"43977";"2014-1";"T2DB16";"3803"
"43977";"2014-1";"T2EB16";"3804"
"43977";"2014-1";"T2FB16";"3812"
"43977";"2014-1";"T2GB16";"3813"
"43979";"2014-1";"T2AB16";"3800"
"43979";"2014-1";"T2BB16";"3801"
"43979";"2014-1";"T2CB16";"3802"
"43979";"2014-1";"T2DB16";"3803"
"43979";"2014-1";"T2EB16";"3804"
"43979";"2014-1";"T2FB16";"3812"
"43979";"2014-1";"T2GB16";"3813"
"44090";"2014-1";"T2AB13";"3800"
"44090";"2014-1";"T2BB13";"3801"
"44090";"2014-1";"T2CB13";"3802"
"44090";"2014-1";"T2DB13";"3803"
"44090";"2014-1";"T2EB13";"3804"
"44090";"2014-1";"T2FB13";"3812"
"44090";"2014-1";"T2GB13";"3813"
"44331";"2014-1";"T2AB15";"3800"
"44331";"2014-1";"T2BB15";"3801"
"44331";"2014-1";"T2CB15";"3802"
"44331";"2014-1";"T2DB15";"3803"
"44331";"2014-1";"T2EB15";"3804"
"44331";"2014-1";"T2FB15";"3812"
"44331";"2014-1";"T2GB15";"3813"
"46123";"2014-1";"T2AB04";"3800"
"46123";"2014-1";"T2BB04";"3801"
"46123";"2014-1";"T2CB04";"3802"
"46123";"2014-1";"T2DB04";"3803"
"46123";"2014-1";"T2EB04";"3804"
"46123";"2014-1";"T2GB04";"3813"
"46152";"2014-1";"T2AB03";"3800"
"46152";"2014-1";"T2BB03";"3801"
"46152";"2014-1";"T2CB03";"3802"
"46152";"2014-1";"T2DB03";"3803"
"46152";"2014-1";"T2EB03";"3804"
"46152";"2014-1";"T2GB03";"3813"
"46171";"2014-1";"T2AB04";"3800"
"46171";"2014-1";"T2BB04";"3801"
"46171";"2014-1";"T2CB04";"3802"
"46171";"2014-1";"T2DB04";"3803"
"46171";"2014-1";"T2EB04";"3804"
"46171";"2014-1";"T2GB04";"3813"
"46186";"2014-1";"T2AB11";"3800"
"46186";"2014-1";"T2BB11";"3801"
"46186";"2014-1";"T2CB11";"3802"
"46186";"2014-1";"T2DB11";"3803"
"46186";"2014-1";"T2EB11";"3804"
"46186";"2014-1";"T2FB11";"3812"
"46186";"2014-1";"T2GB11";"3813"
"46197";"2014-1";"T2AB01";"3800"
"46197";"2014-1";"T2BB01";"3801"
"46197";"2014-1";"T2CB01";"3802"
"46197";"2014-1";"T2DB01";"3803"
"46197";"2014-1";"T2EB01";"3804"
"46197";"2014-1";"T2GB01";"3813"
"46199";"2014-1";"T2AB01";"3800"
"46199";"2014-1";"T2BB01";"3801"
"46199";"2014-1";"T2CB01";"3802"
"46199";"2014-1";"T2DB01";"3803"
"46199";"2014-1";"T2EB01";"3804"
"46199";"2014-1";"T2GB01";"3813"
"46200";"2014-1";"T2AB03";"3800"
"46200";"2014-1";"T2BB03";"3801"
"46200";"2014-1";"T2CB03";"3802"
"46200";"2014-1";"T2DB03";"3803"
"46200";"2014-1";"T2EB03";"3804"
"46200";"2014-1";"T2GB03";"3813"
"46210";"2014-1";"T2AB06";"3800"
"46210";"2014-1";"T2BB06";"3801"
"46210";"2014-1";"T2CB06";"3802"
"46210";"2014-1";"T2DB06";"3803"
"46210";"2014-1";"T2EB06";"3804"
"46210";"2014-1";"T2GB06";"3813"
"46235";"2014-1";"T2AB01";"3800"
"46235";"2014-1";"T2BB01";"3801"
"46235";"2014-1";"T2CB01";"3802"
"46235";"2014-1";"T2DB01";"3803"
"46235";"2014-1";"T2EB01";"3804"
"46235";"2014-1";"T2GB01";"3813"
"46249";"2014-1";"T2AB01";"3800"
"46249";"2014-1";"T2BB01";"3801"
"46249";"2014-1";"T2CB01";"3802"
"46249";"2014-1";"T2DB01";"3803"
"46249";"2014-1";"T2EB01";"3804"
"46249";"2014-1";"T2GB01";"3813"
"46253";"2014-1";"T2AB04";"3800"
"46253";"2014-1";"T2BB04";"3801"
"46253";"2014-1";"T2CB04";"3802"
"46253";"2014-1";"T2DB04";"3803"
"46253";"2014-1";"T2EB04";"3804"
"46253";"2014-1";"T2GB04";"3813"
"46256";"2014-1";"T2AB06";"3800"
"46256";"2014-1";"T2BB06";"3801"
"46256";"2014-1";"T2CB06";"3802"
"46256";"2014-1";"T2DB06";"3803"
"46256";"2014-1";"T2EB06";"3804"
"46256";"2014-1";"T2GB06";"3813"
"46310";"2014-1";"T2AB03";"3800"
"46310";"2014-1";"T2BB03";"3801"
"46310";"2014-1";"T2CB03";"3802"
"46310";"2014-1";"T2DB03";"3803"
"46310";"2014-1";"T2EB03";"3804"
"46310";"2014-1";"T2GB03";"3813"
"46352";"2014-1";"T2AB01";"3800"
"46352";"2014-1";"T2BB01";"3801"
"46352";"2014-1";"T2CB01";"3802"
"46352";"2014-1";"T2DB01";"3803"
"46352";"2014-1";"T2EB01";"3804"
"46352";"2014-1";"T2GB01";"3813"
"46366";"2014-1";"T2AB01";"3800"
"46366";"2014-1";"T2BB01";"3801"
"46366";"2014-1";"T2CB01";"3802"
"46366";"2014-1";"T2DB01";"3803"
"46366";"2014-1";"T2EB01";"3804"
"46366";"2014-1";"T2GB01";"3813"
"46397";"2014-1";"T2AB05";"3800"
"46397";"2014-1";"T2BB05";"3801"
"46397";"2014-1";"T2CB05";"3802"
"46397";"2014-1";"T2DB05";"3803"
"46397";"2014-1";"T2EB05";"3804"
"46397";"2014-1";"T2GB05";"3813"
"46406";"2014-1";"T2AB05";"3800"
"46406";"2014-1";"T2BB05";"3801"
"46406";"2014-1";"T2CB05";"3802"
"46406";"2014-1";"T2DB05";"3803"
"46406";"2014-1";"T2EB05";"3804"
"46406";"2014-1";"T2GB05";"3813"
"46412";"2014-1";"T2AB03";"3800"
"46412";"2014-1";"T2BB03";"3801"
"46412";"2014-1";"T2CB03";"3802"
"46412";"2014-1";"T2DB03";"3803"
"46412";"2014-1";"T2EB03";"3804"
"46412";"2014-1";"T2GB03";"3813"
"46413";"2014-1";"T2AB05";"3800"
"46413";"2014-1";"T2BB05";"3801"
"46413";"2014-1";"T2CB05";"3802"
"46413";"2014-1";"T2DB05";"3803"
"46413";"2014-1";"T2EB05";"3804"
"46413";"2014-1";"T2GB05";"3813"
"46441";"2014-1";"T2AB05";"3800"
"46441";"2014-1";"T2BB05";"3801"
"46441";"2014-1";"T2CB05";"3802"
"46441";"2014-1";"T2DB05";"3803"
"46441";"2014-1";"T2EB05";"3804"
"46441";"2014-1";"T2GB05";"3813"
"46448";"2014-1";"T2AB04";"3800"
"46448";"2014-1";"T2BB04";"3801"
"46448";"2014-1";"T2CB04";"3802"
"46448";"2014-1";"T2DB04";"3803"
"46448";"2014-1";"T2EB04";"3804"
"46448";"2014-1";"T2GB04";"3813"
"46485";"2014-1";"T2AB02";"3800"
"46485";"2014-1";"T2BB02";"3801"
"46485";"2014-1";"T2CB02";"3802"
"46485";"2014-1";"T2DB02";"3803"
"46485";"2014-1";"T2EB02";"3804"
"46485";"2014-1";"T2GB02";"3813"
"46514";"2014-1";"T2AB06";"3800"
"46514";"2014-1";"T2BB06";"3801"
"46514";"2014-1";"T2CB06";"3802"
"46514";"2014-1";"T2DB06";"3803"
"46514";"2014-1";"T2EB06";"3804"
"46514";"2014-1";"T2GB06";"3813"
"46532";"2014-1";"T2AB02";"3800"
"46532";"2014-1";"T2BB02";"3801"
"46532";"2014-1";"T2CB02";"3802"
"46532";"2014-1";"T2DB02";"3803"
"46532";"2014-1";"T2EB02";"3804"
"46532";"2014-1";"T2GB02";"3813"
"46568";"2014-1";"T2AB02";"3800"
"46568";"2014-1";"T2BB02";"3801"
"46568";"2014-1";"T2CB02";"3802"
"46568";"2014-1";"T2DB02";"3803"
"46568";"2014-1";"T2EB02";"3804"
"46568";"2014-1";"T2GB02";"3813"
"46600";"2014-1";"T2AB05";"3800"
"46600";"2014-1";"T2BB05";"3801"
"46600";"2014-1";"T2CB05";"3802"
"46600";"2014-1";"T2DB05";"3803"
"46600";"2014-1";"T2EB05";"3804"
"46600";"2014-1";"T2GB05";"3813"
"46654";"2014-1";"T2AB05";"3800"
"46654";"2014-1";"T2BB05";"3801"
"46654";"2014-1";"T2CB05";"3802"
"46654";"2014-1";"T2DB05";"3803"
"46654";"2014-1";"T2EB05";"3804"
"46654";"2014-1";"T2GB05";"3813"
"46691";"2014-1";"T2AB02";"3800"
"46691";"2014-1";"T2BB02";"3801"
"46691";"2014-1";"T2CB02";"3802"
"46691";"2014-1";"T2DB02";"3803"
"46691";"2014-1";"T2EB02";"3804"
"46691";"2014-1";"T2GB02";"3813"
"46739";"2014-1";"T2AB03";"3800"
"46739";"2014-1";"T2BB03";"3801"
"46739";"2014-1";"T2CB03";"3802"
"46739";"2014-1";"T2DB03";"3803"
"46739";"2014-1";"T2EB03";"3804"
"46739";"2014-1";"T2GB03";"3813"
"47682";"2014-1";"T2AB02";"3800"
"47682";"2014-1";"T2BB02";"3801"
"47682";"2014-1";"T2CB02";"3802"
"47682";"2014-1";"T2DB02";"3803"
"47682";"2014-1";"T2EB02";"3804"
"47682";"2014-1";"T2GB02";"3813"
"47684";"2014-1";"T2AB03";"3800"
"47684";"2014-1";"T2BB03";"3801"
"47684";"2014-1";"T2CB03";"3802"
"47684";"2014-1";"T2DB03";"3803"
"47684";"2014-1";"T2EB03";"3804"
"47684";"2014-1";"T2GB03";"3813"
"47685";"2014-1";"T2AB02";"3800"
"47685";"2014-1";"T2BB02";"3801"
"47685";"2014-1";"T2CB02";"3802"
"47685";"2014-1";"T2DB02";"3803"
"47685";"2014-1";"T2EB02";"3804"
"47685";"2014-1";"T2GB02";"3813"
"47686";"2014-1";"T2AB05";"3800"
"47686";"2014-1";"T2BB05";"3801"
"47686";"2014-1";"T2CB05";"3802"
"47686";"2014-1";"T2DB05";"3803"
"47686";"2014-1";"T2EB05";"3804"
"47686";"2014-1";"T2GB05";"3813"
"47700";"2014-1";"T2AB03";"3800"
"47700";"2014-1";"T2BB03";"3801"
"47700";"2014-1";"T2CB03";"3802"
"47700";"2014-1";"T2DB03";"3803"
"47700";"2014-1";"T2EB03";"3804"
"47700";"2014-1";"T2GB03";"3813"
"47712";"2014-1";"T2AB05";"3800"
"47712";"2014-1";"T2BB05";"3801"
"47712";"2014-1";"T2CB05";"3802"
"47712";"2014-1";"T2DB05";"3803"
"47712";"2014-1";"T2EB05";"3804"
"47712";"2014-1";"T2GB05";"3813"
"47713";"2014-1";"T2AB05";"3800"
"47713";"2014-1";"T2BB05";"3801"
"47713";"2014-1";"T2CB05";"3802"
"47713";"2014-1";"T2DB05";"3803"
"47713";"2014-1";"T2EB05";"3804"
"47713";"2014-1";"T2GB05";"3813"
"47720";"2014-1";"T2AB04";"3800"
"47720";"2014-1";"T2BB04";"3801"
"47720";"2014-1";"T2CB04";"3802"
"47720";"2014-1";"T2DB04";"3803"
"47720";"2014-1";"T2EB04";"3804"
"47720";"2014-1";"T2GB04";"3813"
"47739";"2014-1";"T2AB02";"3800"
"47739";"2014-1";"T2BB02";"3801"
"47739";"2014-1";"T2CB02";"3802"
"47739";"2014-1";"T2DB02";"3803"
"47739";"2014-1";"T2EB02";"3804"
"47739";"2014-1";"T2GB02";"3813"
"47813";"2014-1";"T2AB06";"3800"
"47813";"2014-1";"T2BB06";"3801"
"47813";"2014-1";"T2CB06";"3802"
"47813";"2014-1";"T2DB06";"3803"
"47813";"2014-1";"T2EB06";"3804"
"47813";"2014-1";"T2GB06";"3813"
"47814";"2014-1";"T2AB03";"3800"
"47814";"2014-1";"T2BB03";"3801"
"47814";"2014-1";"T2CB03";"3802"
"47814";"2014-1";"T2DB03";"3803"
"47814";"2014-1";"T2EB03";"3804"
"47814";"2014-1";"T2GB03";"3813"
"47830";"2014-1";"T2AB03";"3800"
"47830";"2014-1";"T2BB03";"3801"
"47830";"2014-1";"T2CB03";"3802"
"47830";"2014-1";"T2DB03";"3803"
"47830";"2014-1";"T2EB03";"3804"
"47830";"2014-1";"T2GB03";"3813"
"47832";"2014-1";"T2AB06";"3800"
"47832";"2014-1";"T2BB06";"3801"
"47832";"2014-1";"T2CB06";"3802"
"47832";"2014-1";"T2DB06";"3803"
"47832";"2014-1";"T2EB06";"3804"
"47832";"2014-1";"T2GB06";"3813"
"47838";"2014-1";"T2AB03";"3800"
"47838";"2014-1";"T2BB03";"3801"
"47838";"2014-1";"T2CB03";"3802"
"47838";"2014-1";"T2DB03";"3803"
"47838";"2014-1";"T2EB03";"3804"
"47838";"2014-1";"T2GB03";"3813"
"48008";"2014-1";"T2AB03";"3800"
"48008";"2014-1";"T2BB03";"3801"
"48008";"2014-1";"T2CB03";"3802"
"48008";"2014-1";"T2DB03";"3803"
"48008";"2014-1";"T2EB03";"3804"
"48008";"2014-1";"T2GB03";"3813"
"48041";"2014-1";"T2AB02";"3800"
"48041";"2014-1";"T2BB02";"3801"
"48041";"2014-1";"T2CB02";"3802"
"48041";"2014-1";"T2DB02";"3803"
"48041";"2014-1";"T2EB02";"3804"
"48041";"2014-1";"T2GB02";"3813"
"48967";"2014-1";"T2AB14";"3800"
"48967";"2014-1";"T2BB14";"3801"
"48967";"2014-1";"T2CB14";"3802"
"48967";"2014-1";"T2DB14";"3803"
"48967";"2014-1";"T2EB14";"3804"
"48967";"2014-1";"T2FB14";"3812"
"48967";"2014-1";"T2GB14";"3813"
"56120";"2014-1";"T2AB05";"3800"
"56120";"2014-1";"T2DB20";"3803"
"56120";"2014-1";"T3AB01";"3805"
"56120";"2014-1";"T3BB01";"3806"
"56120";"2014-1";"T3CB01";"3807"
"56120";"2014-1";"T3EB01";"3809"
"56120";"2014-1";"T3GB01";"3811"
"56120";"2014-1";"T3HB01";"3814"
"56120";"2014-1";"T3IB01";"3935"
"56120";"2014-1";"T3DB01";"3937"
"56625";"2014-1";"T2AB02";"3800"
"56625";"2014-1";"T2BB02";"3801"
"56625";"2014-1";"T2CB02";"3802"
"56625";"2014-1";"T2DB02";"3803"
"56625";"2014-1";"T2EB02";"3804"
"56625";"2014-1";"T2GB02";"3813"
"57057";"2014-1";"T3AB01";"3805"
"57057";"2014-1";"T3BB01";"3806"
"57057";"2014-1";"T3CB01";"3807"
"57057";"2014-1";"T3EB01";"3809"
"57057";"2014-1";"T3GB01";"3811"
"57057";"2014-1";"T3HB01";"3814"
"57057";"2014-1";"T3IB01";"3935"
"57057";"2014-1";"T3DB01";"3937"
