3415;I2AB01;1026;6049
3418;I2AB01;1026;6049
3419;I2AB01;1026;6049
3420;I2AB01;1026;6049
3421;I2AB01;1026;6049
3422;I2AB01;1026;6049
3423;I2AB01;1026;6049
3424;I2AB01;1026;6049
3427;I2AB01;1026;6049
3428;I2AB01;1026;6049
3429;I2AB01;1026;6049
3430;I2AB01;1026;6049
3431;I2AB01;1026;6049
3432;I2AB01;1026;6049
3433;I2AB01;1026;6049
3434;I2AB01;1026;6049
3435;I2AB01;1026;6049
3519;I2AB01;1026;6049
3398;I2AB02;382;6049
3399;I2AB02;382;6049
3400;I2AB02;382;6049
3401;I2AB02;382;6049
3402;I2AB02;382;6049
3403;I2AB02;382;6049
3404;I2AB02;382;6049
3405;I2AB02;382;6049
3409;I2AB02;382;6049
3410;I2AB02;382;6049
3411;I2AB02;382;6049
3412;I2AB02;382;6049
3413;I2AB02;382;6049
3414;I2AB02;382;6049
3416;I2AB02;382;6049
3417;I2AB02;382;6049
3425;I2AB02;382;6049
3426;I2AB02;382;6049
3542;I2AB02;382;6049
3543;I2AB02;382;6049
5424;I2AB02;382;6049
3415;I2BB01;0;6050
3418;I2BB01;0;6050
3419;I2BB01;0;6050
3420;I2BB01;0;6050
3421;I2BB01;0;6050
3422;I2BB01;0;6050
3423;I2BB01;0;6050
3424;I2BB01;0;6050
3427;I2BB01;0;6050
3428;I2BB01;0;6050
3429;I2BB01;0;6050
3430;I2BB01;0;6050
3431;I2BB01;0;6050
3432;I2BB01;0;6050
3433;I2BB01;0;6050
3434;I2BB01;0;6050
3435;I2BB01;0;6050
3519;I2BB01;0;6050
3398;I2BB02;0;6050
3399;I2BB02;0;6050
3400;I2BB02;0;6050
3401;I2BB02;0;6050
3402;I2BB02;0;6050
3403;I2BB02;0;6050
3404;I2BB02;0;6050
3405;I2BB02;0;6050
3409;I2BB02;0;6050
3410;I2BB02;0;6050
3411;I2BB02;0;6050
3412;I2BB02;0;6050
3413;I2BB02;0;6050
3414;I2BB02;0;6050
3416;I2BB02;0;6050
3417;I2BB02;0;6050
3425;I2BB02;0;6050
3426;I2BB02;0;6050
3542;I2BB02;0;6050
3543;I2BB02;0;6050
5424;I2BB02;0;6050
2734;I2BB11;10511;6050
2735;I2BB11;10511;6050
2736;I2BB11;10511;6050
2737;I2BB11;10511;6050
3094;I2BB11;10511;6050
3095;I2BB11;10511;6050
3096;I2BB11;10511;6050
3097;I2BB11;10511;6050
3098;I2BB11;10511;6050
3099;I2BB11;10511;6050
3100;I2BB11;10511;6050
3101;I2BB11;10511;6050
34192;I2BB11;10511;6050
43984;I2BB11;10511;6050
3415;I2DB01;1610;6052
3418;I2DB01;1610;6052
3419;I2DB01;1610;6052
3420;I2DB01;1610;6052
3421;I2DB01;1610;6052
3422;I2DB01;1610;6052
3423;I2DB01;1610;6052
3424;I2DB01;1610;6052
3427;I2DB01;1610;6052
3428;I2DB01;1610;6052
3429;I2DB01;1610;6052
3430;I2DB01;1610;6052
3431;I2DB01;1610;6052
3432;I2DB01;1610;6052
3433;I2DB01;1610;6052
3434;I2DB01;1610;6052
3435;I2DB01;1610;6052
3519;I2DB01;1610;6052
3398;I2DB02;3336;6052
3399;I2DB02;3336;6052
3400;I2DB02;3336;6052
3401;I2DB02;3336;6052
3402;I2DB02;3336;6052
3403;I2DB02;3336;6052
3404;I2DB02;3336;6052
3405;I2DB02;3336;6052
3409;I2DB02;3336;6052
3410;I2DB02;3336;6052
3411;I2DB02;3336;6052
3412;I2DB02;3336;6052
3413;I2DB02;3336;6052
3414;I2DB02;3336;6052
3416;I2DB02;3336;6052
3417;I2DB02;3336;6052
3425;I2DB02;3336;6052
3426;I2DB02;3336;6052
3542;I2DB02;3336;6052
3543;I2DB02;3336;6052
5424;I2DB02;3336;6052
2734;I2DB11;3361;6052
2735;I2DB11;3361;6052
2736;I2DB11;3361;6052
2737;I2DB11;3361;6052
3094;I2DB11;3361;6052
3095;I2DB11;3361;6052
3096;I2DB11;3361;6052
3097;I2DB11;3361;6052
3098;I2DB11;3361;6052
3099;I2DB11;3361;6052
3100;I2DB11;3361;6052
3101;I2DB11;3361;6052
34192;I2DB11;3361;6052
43984;I2DB11;3361;6052
3415;I2EB01;85;6053
3418;I2EB01;85;6053
3419;I2EB01;85;6053
3420;I2EB01;85;6053
3421;I2EB01;85;6053
3422;I2EB01;85;6053
3423;I2EB01;85;6053
3424;I2EB01;85;6053
3427;I2EB01;85;6053
3428;I2EB01;85;6053
3429;I2EB01;85;6053
3430;I2EB01;85;6053
3431;I2EB01;85;6053
3432;I2EB01;85;6053
3433;I2EB01;85;6053
3434;I2EB01;85;6053
3435;I2EB01;85;6053
3519;I2EB01;85;6053
3398;I2EB02;20;6053
3399;I2EB02;20;6053
3400;I2EB02;20;6053
3401;I2EB02;20;6053
3402;I2EB02;20;6053
3403;I2EB02;20;6053
3404;I2EB02;20;6053
3405;I2EB02;20;6053
3409;I2EB02;20;6053
3410;I2EB02;20;6053
3411;I2EB02;20;6053
3412;I2EB02;20;6053
3413;I2EB02;20;6053
3414;I2EB02;20;6053
3416;I2EB02;20;6053
3417;I2EB02;20;6053
3425;I2EB02;20;6053
3426;I2EB02;20;6053
3542;I2EB02;20;6053
3543;I2EB02;20;6053
5424;I2EB02;20;6053
2734;I2EB11;433;6053
2735;I2EB11;433;6053
2736;I2EB11;433;6053
2737;I2EB11;433;6053
3094;I2EB11;433;6053
3095;I2EB11;433;6053
3096;I2EB11;433;6053
3097;I2EB11;433;6053
3098;I2EB11;433;6053
3099;I2EB11;433;6053
3100;I2EB11;433;6053
3101;I2EB11;433;6053
34192;I2EB11;433;6053
43984;I2EB11;433;6053
3415;I2FB01;10538;6054
3418;I2FB01;10538;6054
3419;I2FB01;10538;6054
3420;I2FB01;10538;6054
3421;I2FB01;10538;6054
3422;I2FB01;10538;6054
3423;I2FB01;10538;6054
3424;I2FB01;10538;6054
3427;I2FB01;10538;6054
3428;I2FB01;10538;6054
3429;I2FB01;10538;6054
3430;I2FB01;10538;6054
3431;I2FB01;10538;6054
3432;I2FB01;10538;6054
3433;I2FB01;10538;6054
3434;I2FB01;10538;6054
3435;I2FB01;10538;6054
3519;I2FB01;10538;6054
3398;I2FB02;3361;6054
3399;I2FB02;3361;6054
3400;I2FB02;3361;6054
3401;I2FB02;3361;6054
3402;I2FB02;3361;6054
3403;I2FB02;3361;6054
3404;I2FB02;3361;6054
3405;I2FB02;3361;6054
3409;I2FB02;3361;6054
3410;I2FB02;3361;6054
3411;I2FB02;3361;6054
3412;I2FB02;3361;6054
3413;I2FB02;3361;6054
3414;I2FB02;3361;6054
3416;I2FB02;3361;6054
3417;I2FB02;3361;6054
3425;I2FB02;3361;6054
3426;I2FB02;3361;6054
3542;I2FB02;3361;6054
3543;I2FB02;3361;6054
5424;I2FB02;3361;6054
2734;I2FB11;10140;6054
2735;I2FB11;10140;6054
2736;I2FB11;10140;6054
2737;I2FB11;10140;6054
3094;I2FB11;10140;6054
3095;I2FB11;10140;6054
3096;I2FB11;10140;6054
3097;I2FB11;10140;6054
3098;I2FB11;10140;6054
3099;I2FB11;10140;6054
3100;I2FB11;10140;6054
3101;I2FB11;10140;6054
34192;I2FB11;10140;6054
43984;I2FB11;10140;6054
3415;I2GB01;10564;6055
3418;I2GB01;10564;6055
3419;I2GB01;10564;6055
3420;I2GB01;10564;6055
3421;I2GB01;10564;6055
3422;I2GB01;10564;6055
3423;I2GB01;10564;6055
3424;I2GB01;10564;6055
3427;I2GB01;10564;6055
3428;I2GB01;10564;6055
3429;I2GB01;10564;6055
3430;I2GB01;10564;6055
3431;I2GB01;10564;6055
3432;I2GB01;10564;6055
3433;I2GB01;10564;6055
3434;I2GB01;10564;6055
3435;I2GB01;10564;6055
3519;I2GB01;10564;6055
3398;I2GB02;10564;6055
3399;I2GB02;10564;6055
3400;I2GB02;10564;6055
3401;I2GB02;10564;6055
3402;I2GB02;10564;6055
3403;I2GB02;10564;6055
3404;I2GB02;10564;6055
3405;I2GB02;10564;6055
3409;I2GB02;10564;6055
3410;I2GB02;10564;6055
3411;I2GB02;10564;6055
3412;I2GB02;10564;6055
3413;I2GB02;10564;6055
3414;I2GB02;10564;6055
3416;I2GB02;10564;6055
3417;I2GB02;10564;6055
3425;I2GB02;10564;6055
3426;I2GB02;10564;6055
3542;I2GB02;10564;6055
3543;I2GB02;10564;6055
5424;I2GB02;10564;6055
3415;I2HB01;0;6056
3418;I2HB01;0;6056
3419;I2HB01;0;6056
3420;I2HB01;0;6056
3421;I2HB01;0;6056
3422;I2HB01;0;6056
3423;I2HB01;0;6056
3424;I2HB01;0;6056
3427;I2HB01;0;6056
3428;I2HB01;0;6056
3429;I2HB01;0;6056
3430;I2HB01;0;6056
3431;I2HB01;0;6056
3432;I2HB01;0;6056
3433;I2HB01;0;6056
3434;I2HB01;0;6056
3435;I2HB01;0;6056
3519;I2HB01;0;6056
3398;I2HB02;0;6056
3399;I2HB02;0;6056
3400;I2HB02;0;6056
3401;I2HB02;0;6056
3402;I2HB02;0;6056
3403;I2HB02;0;6056
3404;I2HB02;0;6056
3405;I2HB02;0;6056
3409;I2HB02;0;6056
3410;I2HB02;0;6056
3411;I2HB02;0;6056
3412;I2HB02;0;6056
3413;I2HB02;0;6056
3414;I2HB02;0;6056
3416;I2HB02;0;6056
3417;I2HB02;0;6056
3425;I2HB02;0;6056
3426;I2HB02;0;6056
3542;I2HB02;0;6056
3543;I2HB02;0;6056
5424;I2HB02;0;6056
2734;I2HB11;10047;6056
2735;I2HB11;10047;6056
2736;I2HB11;10047;6056
2737;I2HB11;10047;6056
3094;I2HB11;10047;6056
3095;I2HB11;10047;6056
3096;I2HB11;10047;6056
3097;I2HB11;10047;6056
3098;I2HB11;10047;6056
3099;I2HB11;10047;6056
3100;I2HB11;10047;6056
3101;I2HB11;10047;6056
34192;I2HB11;10047;6056
43984;I2HB11;10047;6056
34171;I3AB01;306;6057
34172;I3AB01;306;6057
34173;I3AB01;306;6057
34174;I3AB01;306;6057
34178;I3AB01;306;6057
34181;I3AB01;306;6057
34183;I3AB01;306;6057
34184;I3AB01;306;6057
34185;I3AB01;306;6057
34186;I3AB01;306;6057
34187;I3AB01;306;6057
34193;I3AB01;306;6057
34194;I3AB01;306;6057
34195;I3AB01;306;6057
34197;I3AB01;306;6057
34198;I3AB01;306;6057
34199;I3AB01;306;6057
34200;I3AB01;306;6057
34201;I3AB01;306;6057
34203;I3AB01;306;6057
43980;I3AB01;306;6057
43983;I3AB01;306;6057
43985;I3AB01;306;6057
43986;I3AB01;306;6057
43987;I3AB01;306;6057
43988;I3AB01;306;6057
3205;I3AB81;10556;6057
44638;I3AB81;10556;6057
44640;I3AB81;10556;6057
44641;I3AB81;10556;6057
44643;I3AB81;10556;6057
44645;I3AB81;10556;6057
44647;I3AB81;10556;6057
44649;I3AB81;10556;6057
44650;I3AB81;10556;6057
44651;I3AB81;10556;6057
44654;I3AB81;10556;6057
44664;I3AB81;10556;6057
44665;I3AB81;10556;6057
34171;I3BB01;10466;6058
34172;I3BB01;10466;6058
34173;I3BB01;10466;6058
34174;I3BB01;10466;6058
34178;I3BB01;10466;6058
34181;I3BB01;10466;6058
34183;I3BB01;10466;6058
34184;I3BB01;10466;6058
34185;I3BB01;10466;6058
34186;I3BB01;10466;6058
34187;I3BB01;10466;6058
34193;I3BB01;10466;6058
34194;I3BB01;10466;6058
34195;I3BB01;10466;6058
34197;I3BB01;10466;6058
34198;I3BB01;10466;6058
34199;I3BB01;10466;6058
34200;I3BB01;10466;6058
34201;I3BB01;10466;6058
34203;I3BB01;10466;6058
43980;I3BB01;10466;6058
43983;I3BB01;10466;6058
43985;I3BB01;10466;6058
43986;I3BB01;10466;6058
43987;I3BB01;10466;6058
43988;I3BB01;10466;6058
3205;I3BB81;0;6058
44638;I3BB81;0;6058
44640;I3BB81;0;6058
44641;I3BB81;0;6058
44643;I3BB81;0;6058
44645;I3BB81;0;6058
44647;I3BB81;0;6058
44649;I3BB81;0;6058
44650;I3BB81;0;6058
44651;I3BB81;0;6058
44654;I3BB81;0;6058
44664;I3BB81;0;6058
44665;I3BB81;0;6058
34171;I3CB01;20;6059
34172;I3CB01;20;6059
34173;I3CB01;20;6059
34174;I3CB01;20;6059
34178;I3CB01;20;6059
34181;I3CB01;20;6059
34183;I3CB01;20;6059
34184;I3CB01;20;6059
34185;I3CB01;20;6059
34186;I3CB01;20;6059
34187;I3CB01;20;6059
34193;I3CB01;20;6059
34194;I3CB01;20;6059
34195;I3CB01;20;6059
34197;I3CB01;20;6059
34198;I3CB01;20;6059
34199;I3CB01;20;6059
34200;I3CB01;20;6059
34201;I3CB01;20;6059
34203;I3CB01;20;6059
43980;I3CB01;20;6059
43983;I3CB01;20;6059
43985;I3CB01;20;6059
43986;I3CB01;20;6059
43987;I3CB01;20;6059
43988;I3CB01;20;6059
3205;I3CB81;0;6059
44638;I3CB81;0;6059
44640;I3CB81;0;6059
44641;I3CB81;0;6059
44643;I3CB81;0;6059
44645;I3CB81;0;6059
44647;I3CB81;0;6059
44649;I3CB81;0;6059
44650;I3CB81;0;6059
44651;I3CB81;0;6059
44654;I3CB81;0;6059
44664;I3CB81;0;6059
44665;I3CB81;0;6059
3205;I3DB81;10610;6060
44638;I3DB81;10610;6060
44640;I3DB81;10610;6060
44641;I3DB81;10610;6060
44643;I3DB81;10610;6060
44645;I3DB81;10610;6060
44647;I3DB81;10610;6060
44649;I3DB81;10610;6060
44650;I3DB81;10610;6060
44651;I3DB81;10610;6060
44654;I3DB81;10610;6060
44664;I3DB81;10610;6060
44665;I3DB81;10610;6060
34171;I3EB01;144;6061
34172;I3EB01;144;6061
34173;I3EB01;144;6061
34174;I3EB01;144;6061
34178;I3EB01;144;6061
34181;I3EB01;144;6061
34183;I3EB01;144;6061
34184;I3EB01;144;6061
34185;I3EB01;144;6061
34186;I3EB01;144;6061
34187;I3EB01;144;6061
34193;I3EB01;144;6061
34194;I3EB01;144;6061
34195;I3EB01;144;6061
34197;I3EB01;144;6061
34198;I3EB01;144;6061
34199;I3EB01;144;6061
34200;I3EB01;144;6061
34201;I3EB01;144;6061
34203;I3EB01;144;6061
43980;I3EB01;144;6061
43983;I3EB01;144;6061
43985;I3EB01;144;6061
43986;I3EB01;144;6061
43987;I3EB01;144;6061
43988;I3EB01;144;6061
3205;I3EB81;0;6061
44638;I3EB81;0;6061
44640;I3EB81;0;6061
44641;I3EB81;0;6061
44643;I3EB81;0;6061
44645;I3EB81;0;6061
44647;I3EB81;0;6061
44649;I3EB81;0;6061
44650;I3EB81;0;6061
44651;I3EB81;0;6061
44654;I3EB81;0;6061
44664;I3EB81;0;6061
44665;I3EB81;0;6061
34171;I3FB01;0;6062
34172;I3FB01;0;6062
34173;I3FB01;0;6062
34174;I3FB01;0;6062
34178;I3FB01;0;6062
34181;I3FB01;0;6062
34183;I3FB01;0;6062
34184;I3FB01;0;6062
34185;I3FB01;0;6062
34186;I3FB01;0;6062
34187;I3FB01;0;6062
34193;I3FB01;0;6062
34194;I3FB01;0;6062
34195;I3FB01;0;6062
34197;I3FB01;0;6062
34198;I3FB01;0;6062
34199;I3FB01;0;6062
34200;I3FB01;0;6062
34201;I3FB01;0;6062
34203;I3FB01;0;6062
43980;I3FB01;0;6062
43983;I3FB01;0;6062
43985;I3FB01;0;6062
43986;I3FB01;0;6062
43987;I3FB01;0;6062
43988;I3FB01;0;6062
3205;I3FB81;0;6062
44638;I3FB81;0;6062
44640;I3FB81;0;6062
44641;I3FB81;0;6062
44643;I3FB81;0;6062
44645;I3FB81;0;6062
44647;I3FB81;0;6062
44649;I3FB81;0;6062
44650;I3FB81;0;6062
44651;I3FB81;0;6062
44654;I3FB81;0;6062
44664;I3FB81;0;6062
44665;I3FB81;0;6062
34171;I3HB01;0;6064
34172;I3HB01;0;6064
34173;I3HB01;0;6064
34174;I3HB01;0;6064
34178;I3HB01;0;6064
34181;I3HB01;0;6064
34183;I3HB01;0;6064
34184;I3HB01;0;6064
34185;I3HB01;0;6064
34186;I3HB01;0;6064
34187;I3HB01;0;6064
34193;I3HB01;0;6064
34194;I3HB01;0;6064
34195;I3HB01;0;6064
34197;I3HB01;0;6064
34198;I3HB01;0;6064
34199;I3HB01;0;6064
34200;I3HB01;0;6064
34201;I3HB01;0;6064
34203;I3HB01;0;6064
43980;I3HB01;0;6064
43983;I3HB01;0;6064
43985;I3HB01;0;6064
43986;I3HB01;0;6064
43987;I3HB01;0;6064
43988;I3HB01;0;6064
3205;I3HB81;0;6064
44638;I3HB81;0;6064
44640;I3HB81;0;6064
44641;I3HB81;0;6064
44643;I3HB81;0;6064
44645;I3HB81;0;6064
44647;I3HB81;0;6064
44649;I3HB81;0;6064
44650;I3HB81;0;6064
44651;I3HB81;0;6064
44654;I3HB81;0;6064
44664;I3HB81;0;6064
44665;I3HB81;0;6064
34156;I3IB01;10434;3815
34171;I3IB01;10434;3815
34172;I3IB01;10434;3815
34173;I3IB01;10434;3815
34174;I3IB01;10434;3815
34178;I3IB01;10434;3815
34181;I3IB01;10434;3815
34183;I3IB01;10434;3815
34184;I3IB01;10434;3815
34185;I3IB01;10434;3815
34186;I3IB01;10434;3815
34187;I3IB01;10434;3815
34193;I3IB01;10434;3815
34194;I3IB01;10434;3815
34195;I3IB01;10434;3815
34197;I3IB01;10434;3815
34198;I3IB01;10434;3815
34199;I3IB01;10434;3815
34200;I3IB01;10434;3815
34201;I3IB01;10434;3815
34203;I3IB01;10434;3815
43980;I3IB01;10434;3815
43983;I3IB01;10434;3815
43985;I3IB01;10434;3815
43986;I3IB01;10434;3815
43987;I3IB01;10434;3815
43988;I3IB01;10434;3815
3205;I3IB81;0;3815
44638;I3IB81;0;3815
44640;I3IB81;0;3815
44641;I3IB81;0;3815
44643;I3IB81;0;3815
44645;I3IB81;0;3815
44647;I3IB81;0;3815
44649;I3IB81;0;3815
44650;I3IB81;0;3815
44651;I3IB81;0;3815
44654;I3IB81;0;3815
44664;I3IB81;0;3815
44665;I3IB81;0;3815
34171;I3JB01;10434;3936
34172;I3JB01;10434;3936
34173;I3JB01;10434;3936
34174;I3JB01;10434;3936
34178;I3JB01;10434;3936
34181;I3JB01;10434;3936
34183;I3JB01;10434;3936
34184;I3JB01;10434;3936
34185;I3JB01;10434;3936
34186;I3JB01;10434;3936
34187;I3JB01;10434;3936
34193;I3JB01;10434;3936
34194;I3JB01;10434;3936
34195;I3JB01;10434;3936
34197;I3JB01;10434;3936
34198;I3JB01;10434;3936
34199;I3JB01;10434;3936
34200;I3JB01;10434;3936
34201;I3JB01;10434;3936
34203;I3JB01;10434;3936
43980;I3JB01;10434;3936
43983;I3JB01;10434;3936
43985;I3JB01;10434;3936
43986;I3JB01;10434;3936
43987;I3JB01;10434;3936
43988;I3JB01;10434;3936
3205;I3JB81;0;3936
44638;I3JB81;0;3936
44640;I3JB81;0;3936
44641;I3JB81;0;3936
44643;I3JB81;0;3936
44645;I3JB81;0;3936
44647;I3JB81;0;3936
44649;I3JB81;0;3936
44650;I3JB81;0;3936
44651;I3JB81;0;3936
44654;I3JB81;0;3936
44664;I3JB81;0;3936
44665;I3JB81;0;3936
1520;T1AB01;10146;3006
1605;T1AB01;10146;3006
1621;T1AB01;10146;3006
2582;T1AB01;10146;3006
2678;T1AB01;10146;3006
2738;T1AB01;10146;3006
3731;T1AB01;10146;3006
3993;T1AB01;10146;3006
4070;T1AB01;10146;3006
4071;T1AB01;10146;3006
4073;T1AB01;10146;3006
4074;T1AB01;10146;3006
4075;T1AB01;10146;3006
4077;T1AB01;10146;3006
4080;T1AB01;10146;3006
4083;T1AB01;10146;3006
4084;T1AB01;10146;3006
4085;T1AB01;10146;3006
4089;T1AB01;10146;3006
4093;T1AB01;10146;3006
4094;T1AB01;10146;3006
4098;T1AB01;10146;3006
4104;T1AB01;10146;3006
4107;T1AB01;10146;3006
4130;T1AB01;10146;3006
4136;T1AB01;10146;3006
4137;T1AB01;10146;3006
4145;T1AB01;10146;3006
4170;T1AB01;10146;3006
4260;T1AB01;10146;3006
4549;T1AB01;10146;3006
4558;T1AB01;10146;3006
4585;T1AB01;10146;3006
4726;T1AB01;10146;3006
4800;T1AB01;10146;3006
4904;T1AB01;10146;3006
4985;T1AB01;10146;3006
4987;T1AB01;10146;3006
5199;T1AB01;10146;3006
5211;T1AB01;10146;3006
5406;T1AB01;10146;3006
5417;T1AB01;10146;3006
29202;T1AB01;10146;3006
30343;T1AB01;10146;3006
44027;T1AB01;10146;3006
1240;T1AB02;10146;3006
1370;T1AB02;10146;3006
1408;T1AB02;10146;3006
1608;T1AB02;10146;3006
1642;T1AB02;10146;3006
2323;T1AB02;10146;3006
2463;T1AB02;10146;3006
2666;T1AB02;10146;3006
2680;T1AB02;10146;3006
2833;T1AB02;10146;3006
4147;T1AB02;10146;3006
4153;T1AB02;10146;3006
4155;T1AB02;10146;3006
4159;T1AB02;10146;3006
4164;T1AB02;10146;3006
4178;T1AB02;10146;3006
4199;T1AB02;10146;3006
4229;T1AB02;10146;3006
4240;T1AB02;10146;3006
4282;T1AB02;10146;3006
4289;T1AB02;10146;3006
4308;T1AB02;10146;3006
4328;T1AB02;10146;3006
4352;T1AB02;10146;3006
4382;T1AB02;10146;3006
4384;T1AB02;10146;3006
4401;T1AB02;10146;3006
4414;T1AB02;10146;3006
4564;T1AB02;10146;3006
4568;T1AB02;10146;3006
4581;T1AB02;10146;3006
4660;T1AB02;10146;3006
4697;T1AB02;10146;3006
4732;T1AB02;10146;3006
4897;T1AB02;10146;3006
4898;T1AB02;10146;3006
4939;T1AB02;10146;3006
4988;T1AB02;10146;3006
4989;T1AB02;10146;3006
4991;T1AB02;10146;3006
4993;T1AB02;10146;3006
5273;T1AB02;10146;3006
30787;T1AB02;10146;3006
35069;T1AB02;10146;3006
41470;T1AB02;10146;3006
42152;T1AB02;10146;3006
42283;T1AB02;10146;3006
42378;T1AB02;10146;3006
42924;T1AB02;10146;3006
1873;T1AB03;10574;3006
2400;T1AB03;10574;3006
4209;T1AB03;10574;3006
4307;T1AB03;10574;3006
4337;T1AB03;10574;3006
4422;T1AB03;10574;3006
4425;T1AB03;10574;3006
4429;T1AB03;10574;3006
4458;T1AB03;10574;3006
4461;T1AB03;10574;3006
4481;T1AB03;10574;3006
4487;T1AB03;10574;3006
4499;T1AB03;10574;3006
4501;T1AB03;10574;3006
4503;T1AB03;10574;3006
4506;T1AB03;10574;3006
4516;T1AB03;10574;3006
4531;T1AB03;10574;3006
4537;T1AB03;10574;3006
4538;T1AB03;10574;3006
4540;T1AB03;10574;3006
4545;T1AB03;10574;3006
4547;T1AB03;10574;3006
4569;T1AB03;10574;3006
4570;T1AB03;10574;3006
4576;T1AB03;10574;3006
4742;T1AB03;10574;3006
4789;T1AB03;10574;3006
4851;T1AB03;10574;3006
4916;T1AB03;10574;3006
4937;T1AB03;10574;3006
4941;T1AB03;10574;3006
4981;T1AB03;10574;3006
4983;T1AB03;10574;3006
4996;T1AB03;10574;3006
5012;T1AB03;10574;3006
5272;T1AB03;10574;3006
31820;T1AB03;10574;3006
42258;T1AB03;10574;3006
42903;T1AB03;10574;3006
47696;T1AB03;10574;3006
1534;T1AB04;1025;3006
2405;T1AB04;1025;3006
4252;T1AB04;1025;3006
4495;T1AB04;1025;3006
4509;T1AB04;1025;3006
4548;T1AB04;1025;3006
4567;T1AB04;1025;3006
4578;T1AB04;1025;3006
4580;T1AB04;1025;3006
4582;T1AB04;1025;3006
4628;T1AB04;1025;3006
4630;T1AB04;1025;3006
4640;T1AB04;1025;3006
4905;T1AB04;1025;3006
4911;T1AB04;1025;3006
4912;T1AB04;1025;3006
4914;T1AB04;1025;3006
4919;T1AB04;1025;3006
4922;T1AB04;1025;3006
4923;T1AB04;1025;3006
4928;T1AB04;1025;3006
4930;T1AB04;1025;3006
4931;T1AB04;1025;3006
4932;T1AB04;1025;3006
4940;T1AB04;1025;3006
4992;T1AB04;1025;3006
5011;T1AB04;1025;3006
5200;T1AB04;1025;3006
5201;T1AB04;1025;3006
5271;T1AB04;1025;3006
5438;T1AB04;1025;3006
5513;T1AB04;1025;3006
5537;T1AB04;1025;3006
5638;T1AB04;1025;3006
5668;T1AB04;1025;3006
30070;T1AB04;1025;3006
34964;T1AB04;1025;3006
35154;T1AB04;1025;3006
35222;T1AB04;1025;3006
42348;T1AB04;1025;3006
42700;T1AB04;1025;3006
43978;T1AB04;1025;3006
55168;T1AB04;1025;3006
56933;T1AB04;1025;3006
3731;T1BB01;10465;3007
3993;T1BB01;10465;3007
4070;T1BB01;10465;3007
4071;T1BB01;10465;3007
4073;T1BB01;10465;3007
4074;T1BB01;10465;3007
4075;T1BB01;10465;3007
4077;T1BB01;10465;3007
4080;T1BB01;10465;3007
4083;T1BB01;10465;3007
4084;T1BB01;10465;3007
4085;T1BB01;10465;3007
4089;T1BB01;10465;3007
4093;T1BB01;10465;3007
4094;T1BB01;10465;3007
4098;T1BB01;10465;3007
4104;T1BB01;10465;3007
4107;T1BB01;10465;3007
4130;T1BB01;10465;3007
4136;T1BB01;10465;3007
4137;T1BB01;10465;3007
4145;T1BB01;10465;3007
4170;T1BB01;10465;3007
4260;T1BB01;10465;3007
4549;T1BB01;10465;3007
4558;T1BB01;10465;3007
4585;T1BB01;10465;3007
4726;T1BB01;10465;3007
4800;T1BB01;10465;3007
4904;T1BB01;10465;3007
4985;T1BB01;10465;3007
4987;T1BB01;10465;3007
5199;T1BB01;10465;3007
5211;T1BB01;10465;3007
5406;T1BB01;10465;3007
5417;T1BB01;10465;3007
44027;T1BB01;10465;3007
2833;T1BB02;10581;3007
4147;T1BB02;10581;3007
4153;T1BB02;10581;3007
4155;T1BB02;10581;3007
4159;T1BB02;10581;3007
4164;T1BB02;10581;3007
4178;T1BB02;10581;3007
4199;T1BB02;10581;3007
4229;T1BB02;10581;3007
4240;T1BB02;10581;3007
4282;T1BB02;10581;3007
4289;T1BB02;10581;3007
4308;T1BB02;10581;3007
4328;T1BB02;10581;3007
4352;T1BB02;10581;3007
4382;T1BB02;10581;3007
4384;T1BB02;10581;3007
4401;T1BB02;10581;3007
4414;T1BB02;10581;3007
4564;T1BB02;10581;3007
4568;T1BB02;10581;3007
4581;T1BB02;10581;3007
4660;T1BB02;10581;3007
4697;T1BB02;10581;3007
4732;T1BB02;10581;3007
4897;T1BB02;10581;3007
4898;T1BB02;10581;3007
4939;T1BB02;10581;3007
4988;T1BB02;10581;3007
4989;T1BB02;10581;3007
4991;T1BB02;10581;3007
4993;T1BB02;10581;3007
5273;T1BB02;10581;3007
30787;T1BB02;10581;3007
35069;T1BB02;10581;3007
41470;T1BB02;10581;3007
42924;T1BB02;10581;3007
1873;T1BB03;10466;3007
4209;T1BB03;10466;3007
4307;T1BB03;10466;3007
4337;T1BB03;10466;3007
4422;T1BB03;10466;3007
4425;T1BB03;10466;3007
4429;T1BB03;10466;3007
4458;T1BB03;10466;3007
4461;T1BB03;10466;3007
4481;T1BB03;10466;3007
4487;T1BB03;10466;3007
4499;T1BB03;10466;3007
4501;T1BB03;10466;3007
4503;T1BB03;10466;3007
4506;T1BB03;10466;3007
4516;T1BB03;10466;3007
4531;T1BB03;10466;3007
4537;T1BB03;10466;3007
4538;T1BB03;10466;3007
4540;T1BB03;10466;3007
4545;T1BB03;10466;3007
4547;T1BB03;10466;3007
4569;T1BB03;10466;3007
4570;T1BB03;10466;3007
4576;T1BB03;10466;3007
4742;T1BB03;10466;3007
4789;T1BB03;10466;3007
4851;T1BB03;10466;3007
4916;T1BB03;10466;3007
4937;T1BB03;10466;3007
4941;T1BB03;10466;3007
4981;T1BB03;10466;3007
4983;T1BB03;10466;3007
4996;T1BB03;10466;3007
5012;T1BB03;10466;3007
5272;T1BB03;10466;3007
47696;T1BB03;10466;3007
1534;T1BB04;10590;3007
2405;T1BB04;10590;3007
4252;T1BB04;10590;3007
4495;T1BB04;10590;3007
4509;T1BB04;10590;3007
4548;T1BB04;10590;3007
4567;T1BB04;10590;3007
4578;T1BB04;10590;3007
4580;T1BB04;10590;3007
4582;T1BB04;10590;3007
4628;T1BB04;10590;3007
4630;T1BB04;10590;3007
4640;T1BB04;10590;3007
4905;T1BB04;10590;3007
4911;T1BB04;10590;3007
4912;T1BB04;10590;3007
4914;T1BB04;10590;3007
4919;T1BB04;10590;3007
4922;T1BB04;10590;3007
4923;T1BB04;10590;3007
4928;T1BB04;10590;3007
4930;T1BB04;10590;3007
4931;T1BB04;10590;3007
4932;T1BB04;10590;3007
4940;T1BB04;10590;3007
4992;T1BB04;10590;3007
5011;T1BB04;10590;3007
5200;T1BB04;10590;3007
5201;T1BB04;10590;3007
5271;T1BB04;10590;3007
5438;T1BB04;10590;3007
5513;T1BB04;10590;3007
5537;T1BB04;10590;3007
5638;T1BB04;10590;3007
5668;T1BB04;10590;3007
30070;T1BB04;10590;3007
34964;T1BB04;10590;3007
35154;T1BB04;10590;3007
42700;T1BB04;10590;3007
43978;T1BB04;10590;3007
55168;T1BB04;10590;3007
56933;T1BB04;10590;3007
3731;T1CB01;3361;3008
3993;T1CB01;3361;3008
4070;T1CB01;3361;3008
4071;T1CB01;3361;3008
4073;T1CB01;3361;3008
4074;T1CB01;3361;3008
4075;T1CB01;3361;3008
4077;T1CB01;3361;3008
4080;T1CB01;3361;3008
4083;T1CB01;3361;3008
4084;T1CB01;3361;3008
4085;T1CB01;3361;3008
4089;T1CB01;3361;3008
4093;T1CB01;3361;3008
4094;T1CB01;3361;3008
4098;T1CB01;3361;3008
4104;T1CB01;3361;3008
4107;T1CB01;3361;3008
4130;T1CB01;3361;3008
4136;T1CB01;3361;3008
4137;T1CB01;3361;3008
4145;T1CB01;3361;3008
4170;T1CB01;3361;3008
4260;T1CB01;3361;3008
4549;T1CB01;3361;3008
4558;T1CB01;3361;3008
4585;T1CB01;3361;3008
4726;T1CB01;3361;3008
4800;T1CB01;3361;3008
4904;T1CB01;3361;3008
4985;T1CB01;3361;3008
4987;T1CB01;3361;3008
5199;T1CB01;3361;3008
5211;T1CB01;3361;3008
5406;T1CB01;3361;3008
5417;T1CB01;3361;3008
35485;T1CB01;3361;3008
42700;T1CB01;3361;3008
44027;T1CB01;3361;3008
2323;T1CB02;20;3008
2417;T1CB02;20;3008
2833;T1CB02;20;3008
4147;T1CB02;20;3008
4153;T1CB02;20;3008
4155;T1CB02;20;3008
4159;T1CB02;20;3008
4164;T1CB02;20;3008
4178;T1CB02;20;3008
4199;T1CB02;20;3008
4229;T1CB02;20;3008
4240;T1CB02;20;3008
4282;T1CB02;20;3008
4289;T1CB02;20;3008
4308;T1CB02;20;3008
4328;T1CB02;20;3008
4352;T1CB02;20;3008
4382;T1CB02;20;3008
4384;T1CB02;20;3008
4401;T1CB02;20;3008
4414;T1CB02;20;3008
4564;T1CB02;20;3008
4568;T1CB02;20;3008
4581;T1CB02;20;3008
4660;T1CB02;20;3008
4697;T1CB02;20;3008
4732;T1CB02;20;3008
4897;T1CB02;20;3008
4898;T1CB02;20;3008
4939;T1CB02;20;3008
4988;T1CB02;20;3008
4989;T1CB02;20;3008
4991;T1CB02;20;3008
4993;T1CB02;20;3008
5273;T1CB02;20;3008
30787;T1CB02;20;3008
35069;T1CB02;20;3008
41021;T1CB02;20;3008
41470;T1CB02;20;3008
42924;T1CB02;20;3008
1118;T1CB03;20;3008
1873;T1CB03;20;3008
2400;T1CB03;20;3008
4209;T1CB03;20;3008
4307;T1CB03;20;3008
4337;T1CB03;20;3008
4422;T1CB03;20;3008
4425;T1CB03;20;3008
4429;T1CB03;20;3008
4458;T1CB03;20;3008
4461;T1CB03;20;3008
4481;T1CB03;20;3008
4487;T1CB03;20;3008
4499;T1CB03;20;3008
4501;T1CB03;20;3008
4503;T1CB03;20;3008
4506;T1CB03;20;3008
4516;T1CB03;20;3008
4531;T1CB03;20;3008
4537;T1CB03;20;3008
4538;T1CB03;20;3008
4540;T1CB03;20;3008
4545;T1CB03;20;3008
4547;T1CB03;20;3008
4569;T1CB03;20;3008
4570;T1CB03;20;3008
4576;T1CB03;20;3008
4742;T1CB03;20;3008
4789;T1CB03;20;3008
4851;T1CB03;20;3008
4916;T1CB03;20;3008
4937;T1CB03;20;3008
4941;T1CB03;20;3008
4981;T1CB03;20;3008
4983;T1CB03;20;3008
4996;T1CB03;20;3008
5012;T1CB03;20;3008
5272;T1CB03;20;3008
35679;T1CB03;20;3008
42258;T1CB03;20;3008
42903;T1CB03;20;3008
47696;T1CB03;20;3008
1236;T1CB04;1955;3008
1534;T1CB04;1955;3008
2405;T1CB04;1955;3008
4252;T1CB04;1955;3008
4495;T1CB04;1955;3008
4509;T1CB04;1955;3008
4548;T1CB04;1955;3008
4567;T1CB04;1955;3008
4578;T1CB04;1955;3008
4580;T1CB04;1955;3008
4582;T1CB04;1955;3008
4628;T1CB04;1955;3008
4630;T1CB04;1955;3008
4640;T1CB04;1955;3008
4905;T1CB04;1955;3008
4911;T1CB04;1955;3008
4912;T1CB04;1955;3008
4914;T1CB04;1955;3008
4919;T1CB04;1955;3008
4922;T1CB04;1955;3008
4923;T1CB04;1955;3008
4928;T1CB04;1955;3008
4930;T1CB04;1955;3008
4931;T1CB04;1955;3008
4932;T1CB04;1955;3008
4940;T1CB04;1955;3008
4992;T1CB04;1955;3008
5011;T1CB04;1955;3008
5200;T1CB04;1955;3008
5201;T1CB04;1955;3008
5271;T1CB04;1955;3008
5438;T1CB04;1955;3008
5513;T1CB04;1955;3008
5537;T1CB04;1955;3008
5638;T1CB04;1955;3008
5668;T1CB04;1955;3008
30070;T1CB04;1955;3008
34964;T1CB04;1955;3008
35154;T1CB04;1955;3008
35222;T1CB04;1955;3008
41253;T1CB04;1955;3008
42348;T1CB04;1955;3008
43978;T1CB04;1955;3008
55168;T1CB04;1955;3008
56933;T1CB04;1955;3008
1092;T2AB01;1610;3800
1163;T2AB01;1610;3800
1167;T2AB01;1610;3800
1186;T2AB01;1610;3800
1237;T2AB01;1610;3800
1240;T2AB01;1610;3800
1332;T2AB01;1610;3800
1339;T2AB01;1610;3800
1370;T2AB01;1610;3800
1371;T2AB01;1610;3800
1391;T2AB01;1610;3800
1408;T2AB01;1610;3800
1470;T2AB01;1610;3800
1482;T2AB01;1610;3800
1494;T2AB01;1610;3800
1513;T2AB01;1610;3800
1550;T2AB01;1610;3800
1829;T2AB01;1610;3800
2232;T2AB01;1610;3800
2235;T2AB01;1610;3800
2237;T2AB01;1610;3800
2241;T2AB01;1610;3800
2243;T2AB01;1610;3800
2244;T2AB01;1610;3800
2630;T2AB01;1610;3800
2632;T2AB01;1610;3800
3086;T2AB01;1610;3800
5000;T2AB01;1610;3800
35425;T2AB01;1610;3800
41232;T2AB01;1610;3800
44334;T2AB01;1610;3800
46152;T2AB01;1610;3800
46352;T2AB01;1610;3800
1360;T2AB02;1025;3800
1457;T2AB02;1025;3800
1469;T2AB02;1025;3800
1520;T2AB02;1025;3800
1537;T2AB02;1025;3800
1605;T2AB02;1025;3800
1606;T2AB02;1025;3800
1608;T2AB02;1025;3800
1642;T2AB02;1025;3800
1730;T2AB02;1025;3800
2266;T2AB02;1025;3800
2279;T2AB02;1025;3800
2320;T2AB02;1025;3800
2463;T2AB02;1025;3800
2507;T2AB02;1025;3800
2509;T2AB02;1025;3800
2582;T2AB02;1025;3800
2666;T2AB02;1025;3800
2678;T2AB02;1025;3800
2680;T2AB02;1025;3800
2686;T2AB02;1025;3800
2738;T2AB02;1025;3800
29202;T2AB02;1025;3800
32133;T2AB02;1025;3800
42707;T2AB02;1025;3800
2344;T2AB03;1610;3800
2350;T2AB03;1610;3800
2357;T2AB03;1610;3800
2359;T2AB03;1610;3800
2362;T2AB03;1610;3800
2390;T2AB03;1610;3800
2423;T2AB03;1610;3800
2428;T2AB03;1610;3800
2430;T2AB03;1610;3800
2439;T2AB03;1610;3800
2440;T2AB03;1610;3800
2448;T2AB03;1610;3800
2450;T2AB03;1610;3800
2451;T2AB03;1610;3800
2671;T2AB03;1610;3800
2681;T2AB03;1610;3800
2690;T2AB03;1610;3800
2739;T2AB03;1610;3800
31873;T2AB03;1610;3800
32181;T2AB03;1610;3800
35081;T2AB03;1610;3800
35195;T2AB03;1610;3800
35227;T2AB03;1610;3800
40022;T2AB03;1610;3800
42436;T2AB03;1610;3800
42552;T2AB03;1610;3800
47813;T2AB03;1610;3800
1036;T2AB04;390;3800
1040;T2AB04;390;3800
1050;T2AB04;390;3800
1059;T2AB04;390;3800
1070;T2AB04;390;3800
1081;T2AB04;390;3800
1088;T2AB04;390;3800
1102;T2AB04;390;3800
1118;T2AB04;390;3800
1123;T2AB04;390;3800
1170;T2AB04;390;3800
1173;T2AB04;390;3800
1190;T2AB04;390;3800
1289;T2AB04;390;3800
1310;T2AB04;390;3800
1394;T2AB04;390;3800
1508;T2AB04;390;3800
1542;T2AB04;390;3800
1544;T2AB04;390;3800
1831;T2AB04;390;3800
2069;T2AB04;390;3800
2274;T2AB04;390;3800
2302;T2AB04;390;3800
2346;T2AB04;390;3800
2433;T2AB04;390;3800
2599;T2AB04;390;3800
2600;T2AB04;390;3800
2684;T2AB04;390;3800
2695;T2AB04;390;3800
2742;T2AB04;390;3800
2743;T2AB04;390;3800
2780;T2AB04;390;3800
2787;T2AB04;390;3800
8616;T2AB04;390;3800
30794;T2AB04;390;3800
35046;T2AB04;390;3800
35418;T2AB04;390;3800
47684;T2AB04;390;3800
1400;T2AB05;316;3800
2248;T2AB05;316;3800
2287;T2AB05;316;3800
2337;T2AB05;316;3800
2347;T2AB05;316;3800
2348;T2AB05;316;3800
2349;T2AB05;316;3800
2352;T2AB05;316;3800
2355;T2AB05;316;3800
2358;T2AB05;316;3800
2361;T2AB05;316;3800
2363;T2AB05;316;3800
2368;T2AB05;316;3800
2385;T2AB05;316;3800
2386;T2AB05;316;3800
2408;T2AB05;316;3800
2412;T2AB05;316;3800
2413;T2AB05;316;3800
2420;T2AB05;316;3800
2424;T2AB05;316;3800
2498;T2AB05;316;3800
2593;T2AB05;316;3800
2706;T2AB05;316;3800
2711;T2AB05;316;3800
2732;T2AB05;316;3800
30494;T2AB05;316;3800
35019;T2AB05;316;3800
35213;T2AB05;316;3800
42330;T2AB05;316;3800
42407;T2AB05;316;3800
46739;T2AB05;316;3800
47700;T2AB05;316;3800
47838;T2AB05;316;3800
30413;T2AB20;382;3800
31353;T2AB20;382;3800
34999;T2AB20;382;3800
35089;T2AB20;382;3800
35228;T2AB20;382;3800
35406;T2AB20;382;3800
35494;T2AB20;382;3800
35657;T2AB20;382;3800
35732;T2AB20;382;3800
35788;T2AB20;382;3800
46123;T2AB20;382;3800
46171;T2AB20;382;3800
46253;T2AB20;382;3800
46310;T2AB20;382;3800
46366;T2AB20;382;3800
46397;T2AB20;382;3800
46413;T2AB20;382;3800
46600;T2AB20;382;3800
47830;T2AB20;382;3800
56120;T2AB20;382;3800
1092;T2BB01;10510;3801
1163;T2BB01;10510;3801
1167;T2BB01;10510;3801
1186;T2BB01;10510;3801
1237;T2BB01;10510;3801
1240;T2BB01;10510;3801
1332;T2BB01;10510;3801
1339;T2BB01;10510;3801
1370;T2BB01;10510;3801
1371;T2BB01;10510;3801
1391;T2BB01;10510;3801
1408;T2BB01;10510;3801
1470;T2BB01;10510;3801
1482;T2BB01;10510;3801
1494;T2BB01;10510;3801
1513;T2BB01;10510;3801
1550;T2BB01;10510;3801
1829;T2BB01;10510;3801
2232;T2BB01;10510;3801
2235;T2BB01;10510;3801
2237;T2BB01;10510;3801
2241;T2BB01;10510;3801
2243;T2BB01;10510;3801
2244;T2BB01;10510;3801
2630;T2BB01;10510;3801
2632;T2BB01;10510;3801
3086;T2BB01;10510;3801
35425;T2BB01;10510;3801
41232;T2BB01;10510;3801
44334;T2BB01;10510;3801
46152;T2BB01;10510;3801
46352;T2BB01;10510;3801
1360;T2BB02;85;3801
1457;T2BB02;85;3801
1469;T2BB02;85;3801
1520;T2BB02;85;3801
1537;T2BB02;85;3801
1605;T2BB02;85;3801
1606;T2BB02;85;3801
1608;T2BB02;85;3801
1621;T2BB02;85;3801
1642;T2BB02;85;3801
1730;T2BB02;85;3801
2266;T2BB02;85;3801
2279;T2BB02;85;3801
2320;T2BB02;85;3801
2463;T2BB02;85;3801
2507;T2BB02;85;3801
2509;T2BB02;85;3801
2582;T2BB02;85;3801
2666;T2BB02;85;3801
2678;T2BB02;85;3801
2680;T2BB02;85;3801
2686;T2BB02;85;3801
2738;T2BB02;85;3801
29202;T2BB02;85;3801
42707;T2BB02;85;3801
2344;T2BB03;3336;3801
2350;T2BB03;3336;3801
2357;T2BB03;3336;3801
2359;T2BB03;3336;3801
2362;T2BB03;3336;3801
2390;T2BB03;3336;3801
2423;T2BB03;3336;3801
2428;T2BB03;3336;3801
2430;T2BB03;3336;3801
2439;T2BB03;3336;3801
2440;T2BB03;3336;3801
2448;T2BB03;3336;3801
2450;T2BB03;3336;3801
2451;T2BB03;3336;3801
2671;T2BB03;3336;3801
2681;T2BB03;3336;3801
2690;T2BB03;3336;3801
2739;T2BB03;3336;3801
32181;T2BB03;3336;3801
35195;T2BB03;3336;3801
35227;T2BB03;3336;3801
42436;T2BB03;3336;3801
42552;T2BB03;3336;3801
1036;T2BB04;433;3801
1040;T2BB04;433;3801
1050;T2BB04;433;3801
1059;T2BB04;433;3801
1070;T2BB04;433;3801
1081;T2BB04;433;3801
1088;T2BB04;433;3801
1102;T2BB04;433;3801
1118;T2BB04;433;3801
1123;T2BB04;433;3801
1170;T2BB04;433;3801
1173;T2BB04;433;3801
1190;T2BB04;433;3801
1289;T2BB04;433;3801
1310;T2BB04;433;3801
1394;T2BB04;433;3801
1508;T2BB04;433;3801
1542;T2BB04;433;3801
1544;T2BB04;433;3801
1831;T2BB04;433;3801
2069;T2BB04;433;3801
2274;T2BB04;433;3801
2302;T2BB04;433;3801
2346;T2BB04;433;3801
2433;T2BB04;433;3801
2599;T2BB04;433;3801
2600;T2BB04;433;3801
2684;T2BB04;433;3801
2695;T2BB04;433;3801
2742;T2BB04;433;3801
2743;T2BB04;433;3801
2780;T2BB04;433;3801
2787;T2BB04;433;3801
8616;T2BB04;433;3801
30794;T2BB04;433;3801
35046;T2BB04;433;3801
35418;T2BB04;433;3801
1400;T2BB05;3336;3801
2248;T2BB05;3336;3801
2287;T2BB05;3336;3801
2337;T2BB05;3336;3801
2347;T2BB05;3336;3801
2348;T2BB05;3336;3801
2349;T2BB05;3336;3801
2352;T2BB05;3336;3801
2355;T2BB05;3336;3801
2358;T2BB05;3336;3801
2361;T2BB05;3336;3801
2363;T2BB05;3336;3801
2368;T2BB05;3336;3801
2385;T2BB05;3336;3801
2386;T2BB05;3336;3801
2408;T2BB05;3336;3801
2412;T2BB05;3336;3801
2413;T2BB05;3336;3801
2420;T2BB05;3336;3801
2424;T2BB05;3336;3801
2498;T2BB05;3336;3801
2593;T2BB05;3336;3801
2706;T2BB05;3336;3801
2711;T2BB05;3336;3801
2732;T2BB05;3336;3801
30494;T2BB05;3336;3801
42330;T2BB05;3336;3801
42407;T2BB05;3336;3801
1092;T2CB01;10450;3802
1163;T2CB01;10450;3802
1167;T2CB01;10450;3802
1186;T2CB01;10450;3802
1237;T2CB01;10450;3802
1240;T2CB01;10450;3802
1332;T2CB01;10450;3802
1339;T2CB01;10450;3802
1370;T2CB01;10450;3802
1371;T2CB01;10450;3802
1391;T2CB01;10450;3802
1408;T2CB01;10450;3802
1470;T2CB01;10450;3802
1482;T2CB01;10450;3802
1494;T2CB01;10450;3802
1513;T2CB01;10450;3802
1550;T2CB01;10450;3802
1829;T2CB01;10450;3802
2232;T2CB01;10450;3802
2235;T2CB01;10450;3802
2237;T2CB01;10450;3802
2241;T2CB01;10450;3802
2243;T2CB01;10450;3802
2244;T2CB01;10450;3802
2630;T2CB01;10450;3802
2632;T2CB01;10450;3802
3086;T2CB01;10450;3802
35425;T2CB01;10450;3802
41232;T2CB01;10450;3802
44334;T2CB01;10450;3802
46152;T2CB01;10450;3802
1360;T2CB02;10450;3802
1457;T2CB02;10450;3802
1469;T2CB02;10450;3802
1520;T2CB02;10450;3802
1537;T2CB02;10450;3802
1605;T2CB02;10450;3802
1606;T2CB02;10450;3802
1608;T2CB02;10450;3802
1621;T2CB02;10450;3802
1642;T2CB02;10450;3802
1730;T2CB02;10450;3802
2266;T2CB02;10450;3802
2279;T2CB02;10450;3802
2320;T2CB02;10450;3802
2463;T2CB02;10450;3802
2507;T2CB02;10450;3802
2509;T2CB02;10450;3802
2582;T2CB02;10450;3802
2666;T2CB02;10450;3802
2678;T2CB02;10450;3802
2680;T2CB02;10450;3802
2686;T2CB02;10450;3802
2738;T2CB02;10450;3802
29202;T2CB02;10450;3802
42707;T2CB02;10450;3802
2344;T2CB03;10450;3802
2350;T2CB03;10450;3802
2357;T2CB03;10450;3802
2359;T2CB03;10450;3802
2362;T2CB03;10450;3802
2390;T2CB03;10450;3802
2423;T2CB03;10450;3802
2428;T2CB03;10450;3802
2430;T2CB03;10450;3802
2439;T2CB03;10450;3802
2440;T2CB03;10450;3802
2448;T2CB03;10450;3802
2450;T2CB03;10450;3802
2451;T2CB03;10450;3802
2671;T2CB03;10450;3802
2681;T2CB03;10450;3802
2690;T2CB03;10450;3802
2739;T2CB03;10450;3802
31873;T2CB03;10450;3802
32181;T2CB03;10450;3802
42436;T2CB03;10450;3802
42552;T2CB03;10450;3802
1036;T2CB04;10450;3802
1040;T2CB04;10450;3802
1050;T2CB04;10450;3802
1059;T2CB04;10450;3802
1070;T2CB04;10450;3802
1081;T2CB04;10450;3802
1088;T2CB04;10450;3802
1102;T2CB04;10450;3802
1118;T2CB04;10450;3802
1123;T2CB04;10450;3802
1170;T2CB04;10450;3802
1173;T2CB04;10450;3802
1190;T2CB04;10450;3802
1289;T2CB04;10450;3802
1310;T2CB04;10450;3802
1394;T2CB04;10450;3802
1508;T2CB04;10450;3802
1542;T2CB04;10450;3802
1544;T2CB04;10450;3802
1831;T2CB04;10450;3802
2069;T2CB04;10450;3802
2274;T2CB04;10450;3802
2302;T2CB04;10450;3802
2346;T2CB04;10450;3802
2433;T2CB04;10450;3802
2599;T2CB04;10450;3802
2600;T2CB04;10450;3802
2684;T2CB04;10450;3802
2695;T2CB04;10450;3802
2742;T2CB04;10450;3802
2743;T2CB04;10450;3802
2780;T2CB04;10450;3802
2787;T2CB04;10450;3802
8616;T2CB04;10450;3802
30794;T2CB04;10450;3802
35046;T2CB04;10450;3802
1400;T2CB05;10450;3802
2248;T2CB05;10450;3802
2287;T2CB05;10450;3802
2337;T2CB05;10450;3802
2347;T2CB05;10450;3802
2348;T2CB05;10450;3802
2349;T2CB05;10450;3802
2352;T2CB05;10450;3802
2355;T2CB05;10450;3802
2358;T2CB05;10450;3802
2361;T2CB05;10450;3802
2363;T2CB05;10450;3802
2368;T2CB05;10450;3802
2385;T2CB05;10450;3802
2386;T2CB05;10450;3802
2408;T2CB05;10450;3802
2412;T2CB05;10450;3802
2413;T2CB05;10450;3802
2420;T2CB05;10450;3802
2424;T2CB05;10450;3802
2498;T2CB05;10450;3802
2593;T2CB05;10450;3802
2706;T2CB05;10450;3802
2711;T2CB05;10450;3802
2732;T2CB05;10450;3802
30494;T2CB05;10450;3802
42330;T2CB05;10450;3802
42407;T2CB05;10450;3802
1092;T2DB01;499;3803
1163;T2DB01;499;3803
1167;T2DB01;499;3803
1186;T2DB01;499;3803
1237;T2DB01;499;3803
1240;T2DB01;499;3803
1332;T2DB01;499;3803
1339;T2DB01;499;3803
1370;T2DB01;499;3803
1371;T2DB01;499;3803
1391;T2DB01;499;3803
1408;T2DB01;499;3803
1470;T2DB01;499;3803
1482;T2DB01;499;3803
1494;T2DB01;499;3803
1513;T2DB01;499;3803
1550;T2DB01;499;3803
1829;T2DB01;499;3803
2232;T2DB01;499;3803
2235;T2DB01;499;3803
2237;T2DB01;499;3803
2241;T2DB01;499;3803
2243;T2DB01;499;3803
2244;T2DB01;499;3803
2630;T2DB01;499;3803
2632;T2DB01;499;3803
3086;T2DB01;499;3803
35393;T2DB01;499;3803
35425;T2DB01;499;3803
41232;T2DB01;499;3803
44334;T2DB01;499;3803
46152;T2DB01;499;3803
46352;T2DB01;499;3803
1360;T2DB02;1599;3803
1457;T2DB02;1599;3803
1469;T2DB02;1599;3803
1520;T2DB02;1599;3803
1537;T2DB02;1599;3803
1605;T2DB02;1599;3803
1606;T2DB02;1599;3803
1608;T2DB02;1599;3803
1621;T2DB02;1599;3803
1642;T2DB02;1599;3803
1730;T2DB02;1599;3803
2266;T2DB02;1599;3803
2279;T2DB02;1599;3803
2320;T2DB02;1599;3803
2463;T2DB02;1599;3803
2507;T2DB02;1599;3803
2509;T2DB02;1599;3803
2582;T2DB02;1599;3803
2666;T2DB02;1599;3803
2678;T2DB02;1599;3803
2680;T2DB02;1599;3803
2686;T2DB02;1599;3803
2738;T2DB02;1599;3803
29202;T2DB02;1599;3803
32133;T2DB02;1599;3803
42707;T2DB02;1599;3803
2344;T2DB03;1599;3803
2350;T2DB03;1599;3803
2357;T2DB03;1599;3803
2359;T2DB03;1599;3803
2362;T2DB03;1599;3803
2390;T2DB03;1599;3803
2423;T2DB03;1599;3803
2428;T2DB03;1599;3803
2430;T2DB03;1599;3803
2439;T2DB03;1599;3803
2440;T2DB03;1599;3803
2448;T2DB03;1599;3803
2450;T2DB03;1599;3803
2451;T2DB03;1599;3803
2671;T2DB03;1599;3803
2681;T2DB03;1599;3803
2690;T2DB03;1599;3803
2739;T2DB03;1599;3803
31873;T2DB03;1599;3803
32181;T2DB03;1599;3803
35081;T2DB03;1599;3803
35195;T2DB03;1599;3803
40022;T2DB03;1599;3803
42436;T2DB03;1599;3803
42552;T2DB03;1599;3803
46514;T2DB03;1599;3803
47813;T2DB03;1599;3803
1036;T2DB04;499;3803
1040;T2DB04;499;3803
1050;T2DB04;499;3803
1059;T2DB04;499;3803
1070;T2DB04;499;3803
1081;T2DB04;499;3803
1088;T2DB04;499;3803
1102;T2DB04;499;3803
1118;T2DB04;499;3803
1123;T2DB04;499;3803
1170;T2DB04;499;3803
1173;T2DB04;499;3803
1190;T2DB04;499;3803
1289;T2DB04;499;3803
1310;T2DB04;499;3803
1394;T2DB04;499;3803
1508;T2DB04;499;3803
1542;T2DB04;499;3803
1544;T2DB04;499;3803
1831;T2DB04;499;3803
2069;T2DB04;499;3803
2274;T2DB04;499;3803
2302;T2DB04;499;3803
2346;T2DB04;499;3803
2433;T2DB04;499;3803
2599;T2DB04;499;3803
2600;T2DB04;499;3803
2684;T2DB04;499;3803
2695;T2DB04;499;3803
2742;T2DB04;499;3803
2743;T2DB04;499;3803
2780;T2DB04;499;3803
2787;T2DB04;499;3803
8616;T2DB04;499;3803
30794;T2DB04;499;3803
35046;T2DB04;499;3803
35418;T2DB04;499;3803
47684;T2DB04;499;3803
1400;T2DB05;1026;3803
2248;T2DB05;1026;3803
2287;T2DB05;1026;3803
2337;T2DB05;1026;3803
2347;T2DB05;1026;3803
2348;T2DB05;1026;3803
2349;T2DB05;1026;3803
2352;T2DB05;1026;3803
2355;T2DB05;1026;3803
2358;T2DB05;1026;3803
2361;T2DB05;1026;3803
2363;T2DB05;1026;3803
2368;T2DB05;1026;3803
2385;T2DB05;1026;3803
2386;T2DB05;1026;3803
2408;T2DB05;1026;3803
2412;T2DB05;1026;3803
2413;T2DB05;1026;3803
2420;T2DB05;1026;3803
2424;T2DB05;1026;3803
2498;T2DB05;1026;3803
2593;T2DB05;1026;3803
2706;T2DB05;1026;3803
2711;T2DB05;1026;3803
2732;T2DB05;1026;3803
30494;T2DB05;1026;3803
42330;T2DB05;1026;3803
42407;T2DB05;1026;3803
46739;T2DB05;1026;3803
47838;T2DB05;1026;3803
32263;T2DB20;10047;3803
33570;T2DB20;10047;3803
35199;T2DB20;10047;3803
35228;T2DB20;10047;3803
35298;T2DB20;10047;3803
35494;T2DB20;10047;3803
35657;T2DB20;10047;3803
46171;T2DB20;10047;3803
46413;T2DB20;10047;3803
56120;T2DB20;10047;3803
1092;T2EB01;85;3804
1163;T2EB01;85;3804
1167;T2EB01;85;3804
1186;T2EB01;85;3804
1237;T2EB01;85;3804
1240;T2EB01;85;3804
1332;T2EB01;85;3804
1339;T2EB01;85;3804
1370;T2EB01;85;3804
1371;T2EB01;85;3804
1391;T2EB01;85;3804
1408;T2EB01;85;3804
1470;T2EB01;85;3804
1482;T2EB01;85;3804
1494;T2EB01;85;3804
1513;T2EB01;85;3804
1550;T2EB01;85;3804
1829;T2EB01;85;3804
2232;T2EB01;85;3804
2235;T2EB01;85;3804
2237;T2EB01;85;3804
2241;T2EB01;85;3804
2243;T2EB01;85;3804
2244;T2EB01;85;3804
2630;T2EB01;85;3804
2632;T2EB01;85;3804
3086;T2EB01;85;3804
30747;T2EB01;85;3804
35425;T2EB01;85;3804
41232;T2EB01;85;3804
44334;T2EB01;85;3804
46152;T2EB01;85;3804
1360;T2EB02;457;3804
1457;T2EB02;457;3804
1469;T2EB02;457;3804
1520;T2EB02;457;3804
1537;T2EB02;457;3804
1605;T2EB02;457;3804
1606;T2EB02;457;3804
1608;T2EB02;457;3804
1621;T2EB02;457;3804
1642;T2EB02;457;3804
1730;T2EB02;457;3804
2266;T2EB02;457;3804
2279;T2EB02;457;3804
2320;T2EB02;457;3804
2463;T2EB02;457;3804
2507;T2EB02;457;3804
2509;T2EB02;457;3804
2582;T2EB02;457;3804
2666;T2EB02;457;3804
2678;T2EB02;457;3804
2680;T2EB02;457;3804
2686;T2EB02;457;3804
2738;T2EB02;457;3804
29202;T2EB02;457;3804
42707;T2EB02;457;3804
2344;T2EB03;10140;3804
2350;T2EB03;10140;3804
2357;T2EB03;10140;3804
2359;T2EB03;10140;3804
2362;T2EB03;10140;3804
2390;T2EB03;10140;3804
2423;T2EB03;10140;3804
2428;T2EB03;10140;3804
2430;T2EB03;10140;3804
2439;T2EB03;10140;3804
2440;T2EB03;10140;3804
2448;T2EB03;10140;3804
2450;T2EB03;10140;3804
2451;T2EB03;10140;3804
2671;T2EB03;10140;3804
2681;T2EB03;10140;3804
2690;T2EB03;10140;3804
2739;T2EB03;10140;3804
32181;T2EB03;10140;3804
40022;T2EB03;10140;3804
42436;T2EB03;10140;3804
42552;T2EB03;10140;3804
1036;T2EB04;1599;3804
1040;T2EB04;1599;3804
1050;T2EB04;1599;3804
1059;T2EB04;1599;3804
1070;T2EB04;1599;3804
1081;T2EB04;1599;3804
1088;T2EB04;1599;3804
1102;T2EB04;1599;3804
1118;T2EB04;1599;3804
1123;T2EB04;1599;3804
1170;T2EB04;1599;3804
1173;T2EB04;1599;3804
1190;T2EB04;1599;3804
1289;T2EB04;1599;3804
1310;T2EB04;1599;3804
1394;T2EB04;1599;3804
1508;T2EB04;1599;3804
1542;T2EB04;1599;3804
1544;T2EB04;1599;3804
1831;T2EB04;1599;3804
2069;T2EB04;1599;3804
2274;T2EB04;1599;3804
2302;T2EB04;1599;3804
2346;T2EB04;1599;3804
2433;T2EB04;1599;3804
2599;T2EB04;1599;3804
2600;T2EB04;1599;3804
2684;T2EB04;1599;3804
2695;T2EB04;1599;3804
2742;T2EB04;1599;3804
2743;T2EB04;1599;3804
2780;T2EB04;1599;3804
2787;T2EB04;1599;3804
8616;T2EB04;1599;3804
30794;T2EB04;1599;3804
35046;T2EB04;1599;3804
1400;T2EB05;3338;3804
2248;T2EB05;3338;3804
2287;T2EB05;3338;3804
2337;T2EB05;3338;3804
2347;T2EB05;3338;3804
2348;T2EB05;3338;3804
2349;T2EB05;3338;3804
2352;T2EB05;3338;3804
2355;T2EB05;3338;3804
2358;T2EB05;3338;3804
2361;T2EB05;3338;3804
2363;T2EB05;3338;3804
2368;T2EB05;3338;3804
2385;T2EB05;3338;3804
2386;T2EB05;3338;3804
2408;T2EB05;3338;3804
2412;T2EB05;3338;3804
2413;T2EB05;3338;3804
2420;T2EB05;3338;3804
2424;T2EB05;3338;3804
2498;T2EB05;3338;3804
2593;T2EB05;3338;3804
2706;T2EB05;3338;3804
2711;T2EB05;3338;3804
2732;T2EB05;3338;3804
30494;T2EB05;3338;3804
35213;T2EB05;3338;3804
42330;T2EB05;3338;3804
42407;T2EB05;3338;3804
1092;T2FB01;1960;3812
1163;T2FB01;1960;3812
1167;T2FB01;1960;3812
1186;T2FB01;1960;3812
1237;T2FB01;1960;3812
1240;T2FB01;1960;3812
1332;T2FB01;1960;3812
1339;T2FB01;1960;3812
1370;T2FB01;1960;3812
1371;T2FB01;1960;3812
1391;T2FB01;1960;3812
1408;T2FB01;1960;3812
1470;T2FB01;1960;3812
1482;T2FB01;1960;3812
1494;T2FB01;1960;3812
1513;T2FB01;1960;3812
1550;T2FB01;1960;3812
2232;T2FB01;1960;3812
2235;T2FB01;1960;3812
2237;T2FB01;1960;3812
2241;T2FB01;1960;3812
2243;T2FB01;1960;3812
2244;T2FB01;1960;3812
2630;T2FB01;1960;3812
2632;T2FB01;1960;3812
3086;T2FB01;1960;3812
35425;T2FB01;1960;3812
41232;T2FB01;1960;3812
44334;T2FB01;1960;3812
46152;T2FB01;1960;3812
1360;T2FB02;10117;3812
1457;T2FB02;10117;3812
1469;T2FB02;10117;3812
1520;T2FB02;10117;3812
1537;T2FB02;10117;3812
1605;T2FB02;10117;3812
1606;T2FB02;10117;3812
1608;T2FB02;10117;3812
1621;T2FB02;10117;3812
1642;T2FB02;10117;3812
1730;T2FB02;10117;3812
2266;T2FB02;10117;3812
2279;T2FB02;10117;3812
2320;T2FB02;10117;3812
2463;T2FB02;10117;3812
2507;T2FB02;10117;3812
2509;T2FB02;10117;3812
2582;T2FB02;10117;3812
2666;T2FB02;10117;3812
2678;T2FB02;10117;3812
2680;T2FB02;10117;3812
2686;T2FB02;10117;3812
2738;T2FB02;10117;3812
29202;T2FB02;10117;3812
42707;T2FB02;10117;3812
2344;T2FB03;1955;3812
2350;T2FB03;1955;3812
2357;T2FB03;1955;3812
2359;T2FB03;1955;3812
2362;T2FB03;1955;3812
2390;T2FB03;1955;3812
2423;T2FB03;1955;3812
2428;T2FB03;1955;3812
2430;T2FB03;1955;3812
2439;T2FB03;1955;3812
2440;T2FB03;1955;3812
2448;T2FB03;1955;3812
2450;T2FB03;1955;3812
2451;T2FB03;1955;3812
2671;T2FB03;1955;3812
2681;T2FB03;1955;3812
2690;T2FB03;1955;3812
2739;T2FB03;1955;3812
32181;T2FB03;1955;3812
35732;T2FB03;1955;3812
42436;T2FB03;1955;3812
42552;T2FB03;1955;3812
46253;T2FB03;1955;3812
1036;T2FB04;10511;3812
1040;T2FB04;10511;3812
1050;T2FB04;10511;3812
1059;T2FB04;10511;3812
1070;T2FB04;10511;3812
1081;T2FB04;10511;3812
1088;T2FB04;10511;3812
1102;T2FB04;10511;3812
1118;T2FB04;10511;3812
1123;T2FB04;10511;3812
1170;T2FB04;10511;3812
1173;T2FB04;10511;3812
1190;T2FB04;10511;3812
1289;T2FB04;10511;3812
1310;T2FB04;10511;3812
1394;T2FB04;10511;3812
1508;T2FB04;10511;3812
1542;T2FB04;10511;3812
1544;T2FB04;10511;3812
1831;T2FB04;10511;3812
2069;T2FB04;10511;3812
2274;T2FB04;10511;3812
2302;T2FB04;10511;3812
2346;T2FB04;10511;3812
2433;T2FB04;10511;3812
2599;T2FB04;10511;3812
2600;T2FB04;10511;3812
2684;T2FB04;10511;3812
2695;T2FB04;10511;3812
2742;T2FB04;10511;3812
2743;T2FB04;10511;3812
2780;T2FB04;10511;3812
2787;T2FB04;10511;3812
8616;T2FB04;10511;3812
30794;T2FB04;10511;3812
35046;T2FB04;10511;3812
41379;T2FB04;10511;3812
41581;T2FB04;10511;3812
1400;T2FB05;10117;3812
2248;T2FB05;10117;3812
2287;T2FB05;10117;3812
2337;T2FB05;10117;3812
2347;T2FB05;10117;3812
2348;T2FB05;10117;3812
2349;T2FB05;10117;3812
2352;T2FB05;10117;3812
2355;T2FB05;10117;3812
2358;T2FB05;10117;3812
2361;T2FB05;10117;3812
2363;T2FB05;10117;3812
2368;T2FB05;10117;3812
2385;T2FB05;10117;3812
2386;T2FB05;10117;3812
2408;T2FB05;10117;3812
2412;T2FB05;10117;3812
2413;T2FB05;10117;3812
2420;T2FB05;10117;3812
2424;T2FB05;10117;3812
2498;T2FB05;10117;3812
2593;T2FB05;10117;3812
2706;T2FB05;10117;3812
2711;T2FB05;10117;3812
2732;T2FB05;10117;3812
30494;T2FB05;10117;3812
41140;T2FB05;10117;3812
42330;T2FB05;10117;3812
42407;T2FB05;10117;3812
1092;T2GB01;10437;3813
1163;T2GB01;10437;3813
1167;T2GB01;10437;3813
1186;T2GB01;10437;3813
1237;T2GB01;10437;3813
1240;T2GB01;10437;3813
1332;T2GB01;10437;3813
1339;T2GB01;10437;3813
1370;T2GB01;10437;3813
1371;T2GB01;10437;3813
1391;T2GB01;10437;3813
1408;T2GB01;10437;3813
1470;T2GB01;10437;3813
1482;T2GB01;10437;3813
1494;T2GB01;10437;3813
1513;T2GB01;10437;3813
1550;T2GB01;10437;3813
2232;T2GB01;10437;3813
2235;T2GB01;10437;3813
2237;T2GB01;10437;3813
2241;T2GB01;10437;3813
2243;T2GB01;10437;3813
2244;T2GB01;10437;3813
2630;T2GB01;10437;3813
2632;T2GB01;10437;3813
3086;T2GB01;10437;3813
35425;T2GB01;10437;3813
41232;T2GB01;10437;3813
44334;T2GB01;10437;3813
46152;T2GB01;10437;3813
46352;T2GB01;10437;3813
1360;T2GB02;10429;3813
1457;T2GB02;10429;3813
1469;T2GB02;10429;3813
1520;T2GB02;10429;3813
1537;T2GB02;10429;3813
1605;T2GB02;10429;3813
1606;T2GB02;10429;3813
1608;T2GB02;10429;3813
1621;T2GB02;10429;3813
1642;T2GB02;10429;3813
1730;T2GB02;10429;3813
2266;T2GB02;10429;3813
2279;T2GB02;10429;3813
2320;T2GB02;10429;3813
2463;T2GB02;10429;3813
2507;T2GB02;10429;3813
2509;T2GB02;10429;3813
2582;T2GB02;10429;3813
2666;T2GB02;10429;3813
2678;T2GB02;10429;3813
2680;T2GB02;10429;3813
2686;T2GB02;10429;3813
2738;T2GB02;10429;3813
29202;T2GB02;10429;3813
42707;T2GB02;10429;3813
2344;T2GB03;10429;3813
2350;T2GB03;10429;3813
2357;T2GB03;10429;3813
2359;T2GB03;10429;3813
2362;T2GB03;10429;3813
2390;T2GB03;10429;3813
2423;T2GB03;10429;3813
2428;T2GB03;10429;3813
2430;T2GB03;10429;3813
2439;T2GB03;10429;3813
2440;T2GB03;10429;3813
2448;T2GB03;10429;3813
2450;T2GB03;10429;3813
2451;T2GB03;10429;3813
2671;T2GB03;10429;3813
2681;T2GB03;10429;3813
2690;T2GB03;10429;3813
2739;T2GB03;10429;3813
30154;T2GB03;10429;3813
32181;T2GB03;10429;3813
41125;T2GB03;10429;3813
41222;T2GB03;10429;3813
42436;T2GB03;10429;3813
42450;T2GB03;10429;3813
42552;T2GB03;10429;3813
42561;T2GB03;10429;3813
42572;T2GB03;10429;3813
42589;T2GB03;10429;3813
1036;T2GB04;10429;3813
1040;T2GB04;10429;3813
1050;T2GB04;10429;3813
1059;T2GB04;10429;3813
1070;T2GB04;10429;3813
1081;T2GB04;10429;3813
1088;T2GB04;10429;3813
1102;T2GB04;10429;3813
1118;T2GB04;10429;3813
1123;T2GB04;10429;3813
1170;T2GB04;10429;3813
1173;T2GB04;10429;3813
1190;T2GB04;10429;3813
1289;T2GB04;10429;3813
1310;T2GB04;10429;3813
1394;T2GB04;10429;3813
1508;T2GB04;10429;3813
1542;T2GB04;10429;3813
1544;T2GB04;10429;3813
1831;T2GB04;10429;3813
2069;T2GB04;10429;3813
2274;T2GB04;10429;3813
2302;T2GB04;10429;3813
2346;T2GB04;10429;3813
2433;T2GB04;10429;3813
2599;T2GB04;10429;3813
2600;T2GB04;10429;3813
2684;T2GB04;10429;3813
2695;T2GB04;10429;3813
2742;T2GB04;10429;3813
2743;T2GB04;10429;3813
2780;T2GB04;10429;3813
2787;T2GB04;10429;3813
8616;T2GB04;10429;3813
30794;T2GB04;10429;3813
35046;T2GB04;10429;3813
39908;T2GB04;10429;3813
41036;T2GB04;10429;3813
42560;T2GB04;10429;3813
48051;T2GB04;10429;3813
1400;T2GB05;10437;3813
2248;T2GB05;10437;3813
2287;T2GB05;10437;3813
2337;T2GB05;10437;3813
2347;T2GB05;10437;3813
2348;T2GB05;10437;3813
2349;T2GB05;10437;3813
2352;T2GB05;10437;3813
2355;T2GB05;10437;3813
2358;T2GB05;10437;3813
2361;T2GB05;10437;3813
2363;T2GB05;10437;3813
2368;T2GB05;10437;3813
2385;T2GB05;10437;3813
2386;T2GB05;10437;3813
2408;T2GB05;10437;3813
2412;T2GB05;10437;3813
2413;T2GB05;10437;3813
2420;T2GB05;10437;3813
2424;T2GB05;10437;3813
2498;T2GB05;10437;3813
2593;T2GB05;10437;3813
2706;T2GB05;10437;3813
2711;T2GB05;10437;3813
2732;T2GB05;10437;3813
30494;T2GB05;10437;3813
35666;T2GB05;10437;3813
42330;T2GB05;10437;3813
42407;T2GB05;10437;3813
31675;T3AB01;390;3805
41113;T3AB01;390;3805
41114;T3AB01;390;3805
41115;T3AB01;390;3805
41117;T3AB01;390;3805
41148;T3AB01;390;3805
41160;T3AB01;390;3805
41213;T3AB01;390;3805
41272;T3AB01;390;3805
41286;T3AB01;390;3805
41308;T3AB01;390;3805
41391;T3AB01;390;3805
41416;T3AB01;390;3805
41434;T3AB01;390;3805
41454;T3AB01;390;3805
41462;T3AB01;390;3805
41685;T3AB01;390;3805
41781;T3AB01;390;3805
41786;T3AB01;390;3805
42379;T3AB01;390;3805
42390;T3AB01;390;3805
42502;T3AB01;390;3805
42657;T3AB01;390;3805
43979;T3AB01;390;3805
44331;T3AB01;390;3805
35282;T3AB02;390;3805
41200;T3AB02;390;3805
41276;T3AB02;390;3805
41379;T3AB02;390;3805
41581;T3AB02;390;3805
41666;T3AB02;390;3805
41711;T3AB02;390;3805
41748;T3AB02;390;3805
41775;T3AB02;390;3805
42283;T3AB02;390;3805
42306;T3AB02;390;3805
42645;T3AB02;390;3805
42654;T3AB02;390;3805
43977;T3AB02;390;3805
31649;T3AB03;382;3805
32133;T3AB03;382;3805
35081;T3AB03;382;3805
35227;T3AB03;382;3805
41722;T3AB03;382;3805
42261;T3AB03;382;3805
42325;T3AB03;382;3805
42384;T3AB03;382;3805
42603;T3AB03;382;3805
42706;T3AB03;382;3805
42824;T3AB03;382;3805
46366;T3AB03;382;3805
47813;T3AB03;382;3805
31675;T3BB01;3338;3806
35469;T3BB01;3338;3806
35732;T3BB01;3338;3806
41113;T3BB01;3338;3806
41114;T3BB01;3338;3806
41115;T3BB01;3338;3806
41117;T3BB01;3338;3806
41148;T3BB01;3338;3806
41160;T3BB01;3338;3806
41213;T3BB01;3338;3806
41272;T3BB01;3338;3806
41286;T3BB01;3338;3806
41308;T3BB01;3338;3806
41391;T3BB01;3338;3806
41416;T3BB01;3338;3806
41434;T3BB01;3338;3806
41454;T3BB01;3338;3806
41462;T3BB01;3338;3806
41685;T3BB01;3338;3806
41781;T3BB01;3338;3806
41786;T3BB01;3338;3806
42379;T3BB01;3338;3806
42390;T3BB01;3338;3806
42502;T3BB01;3338;3806
42657;T3BB01;3338;3806
43979;T3BB01;3338;3806
44331;T3BB01;3338;3806
47739;T3BB01;3338;3806
48041;T3BB01;3338;3806
31353;T3BB02;3338;3806
35089;T3BB02;3338;3806
35282;T3BB02;3338;3806
35657;T3BB02;3338;3806
41200;T3BB02;3338;3806
41276;T3BB02;3338;3806
41379;T3BB02;3338;3806
41581;T3BB02;3338;3806
41666;T3BB02;3338;3806
41711;T3BB02;3338;3806
41748;T3BB02;3338;3806
41775;T3BB02;3338;3806
42283;T3BB02;3338;3806
42306;T3BB02;3338;3806
42645;T3BB02;3338;3806
42654;T3BB02;3338;3806
43977;T3BB02;3338;3806
46123;T3BB02;3338;3806
46366;T3BB02;3338;3806
31649;T3BB03;10047;3806
32133;T3BB03;10047;3806
35081;T3BB03;10047;3806
35227;T3BB03;10047;3806
41722;T3BB03;10047;3806
42261;T3BB03;10047;3806
42325;T3BB03;10047;3806
42384;T3BB03;10047;3806
42603;T3BB03;10047;3806
42706;T3BB03;10047;3806
42824;T3BB03;10047;3806
46413;T3BB03;10047;3806
46600;T3BB03;10047;3806
47813;T3BB03;10047;3806
31675;T3CB01;10146;3807
41113;T3CB01;10146;3807
41114;T3CB01;10146;3807
41115;T3CB01;10146;3807
41117;T3CB01;10146;3807
41148;T3CB01;10146;3807
41160;T3CB01;10146;3807
41213;T3CB01;10146;3807
41272;T3CB01;10146;3807
41286;T3CB01;10146;3807
41308;T3CB01;10146;3807
41391;T3CB01;10146;3807
41416;T3CB01;10146;3807
41434;T3CB01;10146;3807
41454;T3CB01;10146;3807
41462;T3CB01;10146;3807
41685;T3CB01;10146;3807
41781;T3CB01;10146;3807
41786;T3CB01;10146;3807
42379;T3CB01;10146;3807
42390;T3CB01;10146;3807
42502;T3CB01;10146;3807
42657;T3CB01;10146;3807
43979;T3CB01;10146;3807
44331;T3CB01;10146;3807
35282;T3CB02;10146;3807
41200;T3CB02;10146;3807
41276;T3CB02;10146;3807
41379;T3CB02;10146;3807
41581;T3CB02;10146;3807
41666;T3CB02;10146;3807
41711;T3CB02;10146;3807
41748;T3CB02;10146;3807
41775;T3CB02;10146;3807
42283;T3CB02;10146;3807
42306;T3CB02;10146;3807
42645;T3CB02;10146;3807
42654;T3CB02;10146;3807
43977;T3CB02;10146;3807
31649;T3CB03;10146;3807
35081;T3CB03;10146;3807
35227;T3CB03;10146;3807
41722;T3CB03;10146;3807
42261;T3CB03;10146;3807
42325;T3CB03;10146;3807
42384;T3CB03;10146;3807
42603;T3CB03;10146;3807
42706;T3CB03;10146;3807
42824;T3CB03;10146;3807
47813;T3CB03;10146;3807
30413;T3CB11;1610;3807
31353;T3CB11;1610;3807
34935;T3CB11;1610;3807
34999;T3CB11;1610;3807
35089;T3CB11;1610;3807
35127;T3CB11;1610;3807
35228;T3CB11;1610;3807
35230;T3CB11;1610;3807
35274;T3CB11;1610;3807
35357;T3CB11;1610;3807
35494;T3CB11;1610;3807
35657;T3CB11;1610;3807
35754;T3CB11;1610;3807
35788;T3CB11;1610;3807
46366;T3CB11;1610;3807
46514;T3CB11;1610;3807
35104;T3CB12;1610;3807
35183;T3CB12;1610;3807
35283;T3CB12;1610;3807
35348;T3CB12;1610;3807
35390;T3CB12;1610;3807
35391;T3CB12;1610;3807
35400;T3CB12;1610;3807
35406;T3CB12;1610;3807
35412;T3CB12;1610;3807
35469;T3CB12;1610;3807
35690;T3CB12;1610;3807
35732;T3CB12;1610;3807
46171;T3CB12;1610;3807
46253;T3CB12;1610;3807
46413;T3CB12;1610;3807
46485;T3CB12;1610;3807
46532;T3CB12;1610;3807
46568;T3CB12;1610;3807
46600;T3CB12;1610;3807
46691;T3CB12;1610;3807
47682;T3CB12;1610;3807
47685;T3CB12;1610;3807
47739;T3CB12;1610;3807
48041;T3CB12;1610;3807
5000;T3CB13;3361;3807
29183;T3CB13;3361;3807
34921;T3CB13;3361;3807
35019;T3CB13;3361;3807
35041;T3CB13;3361;3807
35133;T3CB13;3361;3807
35393;T3CB13;3361;3807
35422;T3CB13;3361;3807
35700;T3CB13;3361;3807
46310;T3CB13;3361;3807
46739;T3CB13;3361;3807
47684;T3CB13;3361;3807
47700;T3CB13;3361;3807
47830;T3CB13;3361;3807
47838;T3CB13;3361;3807
28651;T3CB14;1960;3807
29757;T3CB14;1960;3807
32172;T3CB14;1960;3807
34915;T3CB14;1960;3807
34926;T3CB14;1960;3807
35056;T3CB14;1960;3807
35199;T3CB14;1960;3807
35271;T3CB14;1960;3807
35298;T3CB14;1960;3807
35399;T3CB14;1960;3807
35493;T3CB14;1960;3807
35661;T3CB14;1960;3807
35725;T3CB14;1960;3807
35726;T3CB14;1960;3807
46123;T3CB14;1960;3807
46397;T3CB14;1960;3807
47686;T3CB14;1960;3807
31675;T3DB01;10140;3937
41113;T3DB01;10140;3937
41114;T3DB01;10140;3937
41115;T3DB01;10140;3937
41117;T3DB01;10140;3937
41148;T3DB01;10140;3937
41160;T3DB01;10140;3937
41213;T3DB01;10140;3937
41272;T3DB01;10140;3937
41286;T3DB01;10140;3937
41308;T3DB01;10140;3937
41391;T3DB01;10140;3937
41416;T3DB01;10140;3937
41434;T3DB01;10140;3937
41454;T3DB01;10140;3937
41462;T3DB01;10140;3937
41685;T3DB01;10140;3937
41781;T3DB01;10140;3937
41786;T3DB01;10140;3937
42379;T3DB01;10140;3937
42390;T3DB01;10140;3937
42502;T3DB01;10140;3937
42657;T3DB01;10140;3937
43979;T3DB01;10140;3937
44331;T3DB01;10140;3937
35282;T3DB02;3341;3937
41200;T3DB02;3341;3937
41276;T3DB02;3341;3937
41379;T3DB02;3341;3937
41581;T3DB02;3341;3937
41666;T3DB02;3341;3937
41711;T3DB02;3341;3937
41748;T3DB02;3341;3937
41775;T3DB02;3341;3937
42283;T3DB02;3341;3937
42306;T3DB02;3341;3937
42645;T3DB02;3341;3937
42654;T3DB02;3341;3937
43977;T3DB02;3341;3937
31649;T3DB03;10564;3937
32133;T3DB03;10564;3937
35081;T3DB03;10564;3937
35227;T3DB03;10564;3937
41722;T3DB03;10564;3937
42261;T3DB03;10564;3937
42325;T3DB03;10564;3937
42384;T3DB03;10564;3937
42603;T3DB03;10564;3937
42706;T3DB03;10564;3937
42824;T3DB03;10564;3937
47813;T3DB03;10564;3937
30413;T3DB11;3341;3937
31353;T3DB11;3341;3937
34935;T3DB11;3341;3937
34999;T3DB11;3341;3937
35089;T3DB11;3341;3937
35127;T3DB11;3341;3937
35228;T3DB11;3341;3937
35230;T3DB11;3341;3937
35274;T3DB11;3341;3937
35357;T3DB11;3341;3937
35494;T3DB11;3341;3937
35657;T3DB11;3341;3937
35754;T3DB11;3341;3937
35788;T3DB11;3341;3937
46366;T3DB11;3341;3937
46514;T3DB11;3341;3937
35104;T3DB12;10566;3937
35183;T3DB12;10566;3937
35283;T3DB12;10566;3937
35327;T3DB12;10566;3937
35348;T3DB12;10566;3937
35390;T3DB12;10566;3937
35391;T3DB12;10566;3937
35400;T3DB12;10566;3937
35406;T3DB12;10566;3937
35412;T3DB12;10566;3937
35469;T3DB12;10566;3937
35690;T3DB12;10566;3937
35732;T3DB12;10566;3937
46171;T3DB12;10566;3937
46253;T3DB12;10566;3937
46413;T3DB12;10566;3937
46485;T3DB12;10566;3937
46532;T3DB12;10566;3937
46568;T3DB12;10566;3937
46600;T3DB12;10566;3937
46691;T3DB12;10566;3937
47682;T3DB12;10566;3937
47685;T3DB12;10566;3937
47739;T3DB12;10566;3937
48041;T3DB12;10566;3937
5000;T3DB13;10566;3937
29183;T3DB13;10566;3937
30767;T3DB13;10566;3937
34921;T3DB13;10566;3937
35019;T3DB13;10566;3937
35041;T3DB13;10566;3937
35133;T3DB13;10566;3937
35393;T3DB13;10566;3937
35422;T3DB13;10566;3937
35700;T3DB13;10566;3937
46310;T3DB13;10566;3937
46739;T3DB13;10566;3937
47684;T3DB13;10566;3937
47700;T3DB13;10566;3937
47830;T3DB13;10566;3937
47838;T3DB13;10566;3937
28651;T3DB14;3341;3937
29757;T3DB14;3341;3937
32172;T3DB14;3341;3937
34915;T3DB14;3341;3937
34926;T3DB14;3341;3937
35056;T3DB14;3341;3937
35199;T3DB14;3341;3937
35271;T3DB14;3341;3937
35298;T3DB14;3341;3937
35399;T3DB14;3341;3937
35493;T3DB14;3341;3937
35661;T3DB14;3341;3937
35725;T3DB14;3341;3937
35726;T3DB14;3341;3937
46123;T3DB14;3341;3937
46397;T3DB14;3341;3937
47686;T3DB14;3341;3937
31675;T3EB01;1026;3809
41113;T3EB01;1026;3809
41114;T3EB01;1026;3809
41115;T3EB01;1026;3809
41117;T3EB01;1026;3809
41148;T3EB01;1026;3809
41160;T3EB01;1026;3809
41213;T3EB01;1026;3809
41272;T3EB01;1026;3809
41286;T3EB01;1026;3809
41308;T3EB01;1026;3809
41391;T3EB01;1026;3809
41416;T3EB01;1026;3809
41434;T3EB01;1026;3809
41454;T3EB01;1026;3809
41462;T3EB01;1026;3809
41685;T3EB01;1026;3809
41781;T3EB01;1026;3809
41786;T3EB01;1026;3809
42379;T3EB01;1026;3809
42390;T3EB01;1026;3809
42502;T3EB01;1026;3809
42657;T3EB01;1026;3809
43979;T3EB01;1026;3809
44331;T3EB01;1026;3809
35282;T3EB02;10511;3809
41200;T3EB02;10511;3809
41276;T3EB02;10511;3809
41379;T3EB02;10511;3809
41581;T3EB02;10511;3809
41666;T3EB02;10511;3809
41711;T3EB02;10511;3809
41748;T3EB02;10511;3809
41775;T3EB02;10511;3809
42283;T3EB02;10511;3809
42306;T3EB02;10511;3809
42645;T3EB02;10511;3809
42654;T3EB02;10511;3809
43977;T3EB02;10511;3809
31649;T3EB03;10117;3809
32133;T3EB03;10117;3809
35081;T3EB03;10117;3809
35227;T3EB03;10117;3809
41722;T3EB03;10117;3809
42261;T3EB03;10117;3809
42325;T3EB03;10117;3809
42384;T3EB03;10117;3809
42603;T3EB03;10117;3809
42706;T3EB03;10117;3809
42824;T3EB03;10117;3809
47813;T3EB03;10117;3809
30413;T3EB11;1955;3809
31353;T3EB11;1955;3809
34935;T3EB11;1955;3809
34999;T3EB11;1955;3809
35089;T3EB11;1955;3809
35127;T3EB11;1955;3809
35228;T3EB11;1955;3809
35230;T3EB11;1955;3809
35274;T3EB11;1955;3809
35357;T3EB11;1955;3809
35494;T3EB11;1955;3809
35657;T3EB11;1955;3809
35754;T3EB11;1955;3809
35788;T3EB11;1955;3809
46366;T3EB11;1955;3809
46514;T3EB11;1955;3809
35104;T3EB12;1025;3809
35183;T3EB12;1025;3809
35283;T3EB12;1025;3809
35327;T3EB12;1025;3809
35348;T3EB12;1025;3809
35390;T3EB12;1025;3809
35391;T3EB12;1025;3809
35400;T3EB12;1025;3809
35406;T3EB12;1025;3809
35412;T3EB12;1025;3809
35469;T3EB12;1025;3809
35690;T3EB12;1025;3809
35732;T3EB12;1025;3809
46171;T3EB12;1025;3809
46253;T3EB12;1025;3809
46413;T3EB12;1025;3809
46485;T3EB12;1025;3809
46532;T3EB12;1025;3809
46568;T3EB12;1025;3809
46600;T3EB12;1025;3809
46691;T3EB12;1025;3809
47682;T3EB12;1025;3809
47685;T3EB12;1025;3809
47739;T3EB12;1025;3809
48041;T3EB12;1025;3809
5000;T3EB13;433;3809
29183;T3EB13;433;3809
34921;T3EB13;433;3809
35019;T3EB13;433;3809
35041;T3EB13;433;3809
35133;T3EB13;433;3809
35393;T3EB13;433;3809
35422;T3EB13;433;3809
35700;T3EB13;433;3809
46310;T3EB13;433;3809
46739;T3EB13;433;3809
47684;T3EB13;433;3809
47700;T3EB13;433;3809
47830;T3EB13;433;3809
47838;T3EB13;433;3809
28651;T3EB14;3336;3809
29757;T3EB14;3336;3809
32172;T3EB14;3336;3809
34915;T3EB14;3336;3809
34926;T3EB14;3336;3809
35056;T3EB14;3336;3809
35199;T3EB14;3336;3809
35271;T3EB14;3336;3809
35298;T3EB14;3336;3809
35399;T3EB14;3336;3809
35493;T3EB14;3336;3809
35661;T3EB14;3336;3809
35725;T3EB14;3336;3809
35726;T3EB14;3336;3809
46123;T3EB14;3336;3809
46397;T3EB14;3336;3809
47686;T3EB14;3336;3809
31675;T3FB01;144;3810
41113;T3FB01;144;3810
41114;T3FB01;144;3810
41115;T3FB01;144;3810
41117;T3FB01;144;3810
41148;T3FB01;144;3810
41160;T3FB01;144;3810
41213;T3FB01;144;3810
41272;T3FB01;144;3810
41286;T3FB01;144;3810
41308;T3FB01;144;3810
41391;T3FB01;144;3810
41416;T3FB01;144;3810
41434;T3FB01;144;3810
41454;T3FB01;144;3810
41462;T3FB01;144;3810
41685;T3FB01;144;3810
41781;T3FB01;144;3810
41786;T3FB01;144;3810
42379;T3FB01;144;3810
42390;T3FB01;144;3810
42502;T3FB01;144;3810
42657;T3FB01;144;3810
43979;T3FB01;144;3810
44331;T3FB01;144;3810
47684;T3FB01;144;3810
35282;T3FB02;520;3810
35754;T3FB02;520;3810
41200;T3FB02;520;3810
41276;T3FB02;520;3810
41379;T3FB02;520;3810
41581;T3FB02;520;3810
41666;T3FB02;520;3810
41711;T3FB02;520;3810
41748;T3FB02;520;3810
41775;T3FB02;520;3810
42283;T3FB02;520;3810
42306;T3FB02;520;3810
42645;T3FB02;520;3810
42654;T3FB02;520;3810
43977;T3FB02;520;3810
46366;T3FB02;520;3810
31649;T3FB03;144;3810
35081;T3FB03;144;3810
35227;T3FB03;144;3810
41722;T3FB03;144;3810
42261;T3FB03;144;3810
42325;T3FB03;144;3810
42384;T3FB03;144;3810
42603;T3FB03;144;3810
42706;T3FB03;144;3810
42824;T3FB03;144;3810
47813;T3FB03;144;3810
31675;T3GB01;0;3811
41113;T3GB01;0;3811
41114;T3GB01;0;3811
41115;T3GB01;0;3811
41117;T3GB01;0;3811
41148;T3GB01;0;3811
41160;T3GB01;0;3811
41213;T3GB01;0;3811
41272;T3GB01;0;3811
41286;T3GB01;0;3811
41308;T3GB01;0;3811
41391;T3GB01;0;3811
41416;T3GB01;0;3811
41434;T3GB01;0;3811
41454;T3GB01;0;3811
41462;T3GB01;0;3811
41685;T3GB01;0;3811
41781;T3GB01;0;3811
41786;T3GB01;0;3811
42379;T3GB01;0;3811
42390;T3GB01;0;3811
42502;T3GB01;0;3811
42657;T3GB01;0;3811
43979;T3GB01;0;3811
44331;T3GB01;0;3811
35282;T3GB02;0;3811
41200;T3GB02;0;3811
41276;T3GB02;0;3811
41379;T3GB02;0;3811
41581;T3GB02;0;3811
41666;T3GB02;0;3811
41711;T3GB02;0;3811
41748;T3GB02;0;3811
41775;T3GB02;0;3811
42283;T3GB02;0;3811
42306;T3GB02;0;3811
42645;T3GB02;0;3811
42654;T3GB02;0;3811
43977;T3GB02;0;3811
46123;T3GB02;0;3811
31649;T3GB03;0;3811
35081;T3GB03;0;3811
35227;T3GB03;0;3811
41722;T3GB03;0;3811
42261;T3GB03;0;3811
42325;T3GB03;0;3811
42384;T3GB03;0;3811
42603;T3GB03;0;3811
42706;T3GB03;0;3811
42824;T3GB03;0;3811
47813;T3GB03;0;3811
31675;T3HB01;0;3814
41113;T3HB01;0;3814
41114;T3HB01;0;3814
41115;T3HB01;0;3814
41117;T3HB01;0;3814
41148;T3HB01;0;3814
41160;T3HB01;0;3814
41213;T3HB01;0;3814
41272;T3HB01;0;3814
41286;T3HB01;0;3814
41308;T3HB01;0;3814
41391;T3HB01;0;3814
41416;T3HB01;0;3814
41434;T3HB01;0;3814
41454;T3HB01;0;3814
41462;T3HB01;0;3814
41685;T3HB01;0;3814
41781;T3HB01;0;3814
41786;T3HB01;0;3814
42379;T3HB01;0;3814
42390;T3HB01;0;3814
42502;T3HB01;0;3814
42657;T3HB01;0;3814
43979;T3HB01;0;3814
44331;T3HB01;0;3814
35282;T3HB02;0;3814
41200;T3HB02;0;3814
41276;T3HB02;0;3814
41379;T3HB02;0;3814
41581;T3HB02;0;3814
41666;T3HB02;0;3814
41711;T3HB02;0;3814
41748;T3HB02;0;3814
41775;T3HB02;0;3814
42283;T3HB02;0;3814
42306;T3HB02;0;3814
42645;T3HB02;0;3814
42654;T3HB02;0;3814
43977;T3HB02;0;3814
31649;T3HB03;0;3814
32133;T3HB03;0;3814
35081;T3HB03;0;3814
35227;T3HB03;0;3814
41722;T3HB03;0;3814
42261;T3HB03;0;3814
42325;T3HB03;0;3814
42384;T3HB03;0;3814
42603;T3HB03;0;3814
42706;T3HB03;0;3814
42824;T3HB03;0;3814
47813;T3HB03;0;3814
30413;T3HB11;10510;3814
31353;T3HB11;10510;3814
34935;T3HB11;10510;3814
34999;T3HB11;10510;3814
35089;T3HB11;10510;3814
35127;T3HB11;10510;3814
35228;T3HB11;10510;3814
35230;T3HB11;10510;3814
35274;T3HB11;10510;3814
35357;T3HB11;10510;3814
35494;T3HB11;10510;3814
35657;T3HB11;10510;3814
35754;T3HB11;10510;3814
35788;T3HB11;10510;3814
46366;T3HB11;10510;3814
46514;T3HB11;10510;3814
35104;T3HB12;10510;3814
35183;T3HB12;10510;3814
35283;T3HB12;10510;3814
35327;T3HB12;10510;3814
35348;T3HB12;10510;3814
35390;T3HB12;10510;3814
35391;T3HB12;10510;3814
35400;T3HB12;10510;3814
35406;T3HB12;10510;3814
35412;T3HB12;10510;3814
35469;T3HB12;10510;3814
35690;T3HB12;10510;3814
35732;T3HB12;10510;3814
46171;T3HB12;10510;3814
46253;T3HB12;10510;3814
46413;T3HB12;10510;3814
46485;T3HB12;10510;3814
46532;T3HB12;10510;3814
46568;T3HB12;10510;3814
46600;T3HB12;10510;3814
46691;T3HB12;10510;3814
47682;T3HB12;10510;3814
47685;T3HB12;10510;3814
47739;T3HB12;10510;3814
48041;T3HB12;10510;3814
5000;T3HB13;832;3814
29183;T3HB13;832;3814
34921;T3HB13;832;3814
35019;T3HB13;832;3814
35041;T3HB13;832;3814
35133;T3HB13;832;3814
35393;T3HB13;832;3814
35422;T3HB13;832;3814
35700;T3HB13;832;3814
46310;T3HB13;832;3814
46739;T3HB13;832;3814
47684;T3HB13;832;3814
47700;T3HB13;832;3814
47830;T3HB13;832;3814
47838;T3HB13;832;3814
28651;T3HB14;1955;3814
29757;T3HB14;1955;3814
32172;T3HB14;1955;3814
34915;T3HB14;1955;3814
34926;T3HB14;1955;3814
35056;T3HB14;1955;3814
35199;T3HB14;1955;3814
35271;T3HB14;1955;3814
35298;T3HB14;1955;3814
35399;T3HB14;1955;3814
35493;T3HB14;1955;3814
35661;T3HB14;1955;3814
35725;T3HB14;1955;3814
35726;T3HB14;1955;3814
46123;T3HB14;1955;3814
46397;T3HB14;1955;3814
47686;T3HB14;1955;3814
31675;T3IB01;0;3935
41113;T3IB01;0;3935
41114;T3IB01;0;3935
41115;T3IB01;0;3935
41117;T3IB01;0;3935
41148;T3IB01;0;3935
41160;T3IB01;0;3935
41213;T3IB01;0;3935
41272;T3IB01;0;3935
41286;T3IB01;0;3935
41308;T3IB01;0;3935
41391;T3IB01;0;3935
41416;T3IB01;0;3935
41434;T3IB01;0;3935
41454;T3IB01;0;3935
41462;T3IB01;0;3935
41685;T3IB01;0;3935
41781;T3IB01;0;3935
41786;T3IB01;0;3935
42379;T3IB01;0;3935
42390;T3IB01;0;3935
42502;T3IB01;0;3935
42657;T3IB01;0;3935
43979;T3IB01;0;3935
44331;T3IB01;0;3935
35282;T3IB02;0;3935
41200;T3IB02;0;3935
41276;T3IB02;0;3935
41379;T3IB02;0;3935
41581;T3IB02;0;3935
41666;T3IB02;0;3935
41711;T3IB02;0;3935
41748;T3IB02;0;3935
41775;T3IB02;0;3935
42283;T3IB02;0;3935
42306;T3IB02;0;3935
42645;T3IB02;0;3935
42654;T3IB02;0;3935
43977;T3IB02;0;3935
31649;T3IB03;0;3935
32133;T3IB03;0;3935
35081;T3IB03;0;3935
35227;T3IB03;0;3935
41722;T3IB03;0;3935
42261;T3IB03;0;3935
42325;T3IB03;0;3935
42384;T3IB03;0;3935
42603;T3IB03;0;3935
42706;T3IB03;0;3935
42824;T3IB03;0;3935
47813;T3IB03;0;3935
30413;T3IB11;10470;3935
31353;T3IB11;10470;3935
34935;T3IB11;10470;3935
34999;T3IB11;10470;3935
35089;T3IB11;10470;3935
35127;T3IB11;10470;3935
35228;T3IB11;10470;3935
35230;T3IB11;10470;3935
35274;T3IB11;10470;3935
35357;T3IB11;10470;3935
35494;T3IB11;10470;3935
35657;T3IB11;10470;3935
35754;T3IB11;10470;3935
35788;T3IB11;10470;3935
46366;T3IB11;10470;3935
46514;T3IB11;10470;3935
31697;T3IB12;10470;3935
35104;T3IB12;10470;3935
35183;T3IB12;10470;3935
35283;T3IB12;10470;3935
35327;T3IB12;10470;3935
35348;T3IB12;10470;3935
35390;T3IB12;10470;3935
35391;T3IB12;10470;3935
35400;T3IB12;10470;3935
35406;T3IB12;10470;3935
35412;T3IB12;10470;3935
35469;T3IB12;10470;3935
35690;T3IB12;10470;3935
35732;T3IB12;10470;3935
46171;T3IB12;10470;3935
46253;T3IB12;10470;3935
46413;T3IB12;10470;3935
46485;T3IB12;10470;3935
46532;T3IB12;10470;3935
46568;T3IB12;10470;3935
46600;T3IB12;10470;3935
46691;T3IB12;10470;3935
47682;T3IB12;10470;3935
47685;T3IB12;10470;3935
47739;T3IB12;10470;3935
48041;T3IB12;10470;3935
5000;T3IB13;10470;3935
29183;T3IB13;10470;3935
34921;T3IB13;10470;3935
35019;T3IB13;10470;3935
35041;T3IB13;10470;3935
35133;T3IB13;10470;3935
35393;T3IB13;10470;3935
35422;T3IB13;10470;3935
35700;T3IB13;10470;3935
46310;T3IB13;10470;3935
46739;T3IB13;10470;3935
47684;T3IB13;10470;3935
47700;T3IB13;10470;3935
47830;T3IB13;10470;3935
47838;T3IB13;10470;3935
28651;T3IB14;10470;3935
29757;T3IB14;10470;3935
31527;T3IB14;10470;3935
32172;T3IB14;10470;3935
32263;T3IB14;10470;3935
33570;T3IB14;10470;3935
34915;T3IB14;10470;3935
34926;T3IB14;10470;3935
35056;T3IB14;10470;3935
35199;T3IB14;10470;3935
35271;T3IB14;10470;3935
35298;T3IB14;10470;3935
35399;T3IB14;10470;3935
35493;T3IB14;10470;3935
35661;T3IB14;10470;3935
35725;T3IB14;10470;3935
35726;T3IB14;10470;3935
46123;T3IB14;10470;3935
46397;T3IB14;10470;3935
47686;T3IB14;10470;3935
